"index","team_batting_h","team_batting_2b","team_batting_3b","team_batting_hr","team_batting_bb","team_batting_so","team_baserun_sb","team_baserun_cs","team_pitching_h","team_pitching_hr","team_pitching_bb","team_pitching_so","team_fielding_e","team_fielding_dp","Predicted_Wins"
9,-2.29826568326296,-1.58219661798999,-0.804276440610632,-0.142808247986628,-0.581424873081053,1.44727871845199,-0.793956816207105,0.0737658817472128,-2.15036814524897,-0.256939695910636,-0.73106408008582,1.01857372436253,-0.453079918479879,0.329627040320102,60
10,-2.16103111456414,-2.05841461385465,-1.06675731733221,-0.0599472196120828,0.0195304880404886,0.798688235847394,-1.0161137062903,-0.683943544367295,-2.04479186544686,-0.171726385240331,-0.152702465944291,0.556009212068555,-0.548608620816388,0.688982523135073,63
14,-0.472217448359405,-1.26857896790259,-1.06675731733221,0.0210506520786732,-0.0445651074037975,0.313319199196276,-0.873712698981813,-0.114929764023243,-0.80693619300685,-0.0884291230724119,-0.20773413950128,0.157675881879454,-0.186641491418349,0.198585650278136,73
47,0.598543518495205,1.40948124949352,-1.06675731733221,0.963764327510517,-0.250216524382783,0.734258717707865,0.605198625708891,0.473350548727408,-0.0837340355154973,0.881046574653739,-0.394034596053858,0.506013704003433,-0.78444310310717,0.242039886628209,86
60,-0.0725751555057567,-0.802975695443792,0.664426976772935,-2.03259077826573,-2.49418203151391,-1.4048012845245,-0.159321035230946,0.0737658817472128,2.72916046610313,-1.82246758712972,-2.96106837609447,1.13848626186786,1.66129538449496,-0.737686186742457,92
63,-0.181240217827555,-0.0730650956839265,0.158169698667744,-1.81088657375429,-2.07379712784881,-1.57231803168727,-0.159321035230946,0.0737658817472128,2.23595430540946,-1.6267915456698,-0.982089044846404,-0.15923622504894,1.60910229236678,-1.61465582658447,75
74,-0.189095690137824,-0.44358624346678,0.23341538537263,-1.03391506556481,0.517441469192483,-0.928022850291982,2.05678906162229,0.0737658817472128,-0.0621945922254066,-1.10298967648301,0.541332943290109,-0.949640202831201,1.4882301566843,-0.0152802526800375,78
83,-0.556137817455278,-1.88032135580994,-0.314379529701488,-1.12869084854697,-1.26662338634912,-0.575808151129223,0.96403145918015,0.0737658817472128,0.263192413903526,-1.12619870013985,-1.00132078557456,-0.248143578016758,1.08365135612033,-1.64660343175059,75
98,-1.74623274733877,-1.41217866896186,0.943137510635074,-1.38845342337308,-0.422834507083744,-0.232184054385069,0.62678392535639,0.0737658817472128,-1.13349393657271,-1.48128287257982,-0.303858985855304,-0.167593571410631,0.552218842570529,-0.661127954205046,72
120,-0.455599089503038,-0.599480404874904,-0.314379529701488,-0.591641947017774,-0.540202879270266,-0.683190681361772,-1.07680319853178,0.0737658817472128,-0.311202924437356,-0.639967260639672,-0.42733265361858,-0.676109234505976,0.172963913150134,-0.140864648785476,73
123,-0.21273809307806,0.0763809805694029,-0.413491931647469,-0.751041621256328,-0.170650376095106,-0.442653813640864,-0.742902347869801,0.0737658817472128,-0.254531461700443,-0.819818485206296,-0.113849300512443,-0.434072906323109,0.335274851615408,1.59953292126404,70
135,0.303574057884563,-0.00880261994986132,0.23341538537263,1.02800984063258,-0.456660437520681,-0.313794777361806,-1.20551833022189,-1.69445248640907,0.062761110774222,1.06404448847304,-0.394034596053858,-0.291402362055091,-0.280224721781285,1.35219250416822,78
138,-0.268350730764392,-0.355398865833146,0.305973144090214,1.30185176389083,-0.0263235597186641,0.0341246205916507,-1.90859340484287,-2.57176966215144,-0.287423823467627,1.35229905965114,0.0155172697621628,0.0582221175706805,-0.509602319756988,0.827436120115594,77
140,0.0411962437996498,-0.159259016476517,-1.62793878022343,1.17908194791707,-0.0989460645913607,-0.270841765268786,-2.13075029492606,-5.5148868291824,-0.0967587879769091,1.21623052583951,-0.0524531862692894,-0.248143578016758,-0.761376066751084,0.507507951900865,76
151,-0.34078593177916,-0.986911028349024,-1.62793878022343,0.725469722970239,-0.258985057890528,-0.335271283408315,-0.873712698981813,-0.0507251462666495,-0.715510560371443,0.635987195521219,-0.402333346737924,-0.470800673053708,-1.00915009023699,-1.31618644754416,83
153,-0.157749379075163,-1.05666217150435,-0.997889661863703,0.885592818057985,-0.686881324065464,0.016943415754443,-0.929169252408183,-0.180515231565903,-0.589408976406268,0.800655910294187,-0.84997747044843,-0.113672945985871,-0.346666723133551,1.45047079617601,72
171,-1.35926177199338,-0.7801893589681,-1.62793878022343,0.573828986590933,-0.206157289988509,1.13801703138225,-0.30561099408131,0.364424444697616,-1.32914887124646,0.508776761606375,-0.303858985855304,0.846031405227568,-0.21706599530436,-0.887990235961816,68
184,-0.0649059078582913,0.919361451613933,-1.36825790570947,1.05348811449168,0.487679840391695,1.27976197128921,-0.4455323082557,-0.683943544367295,-0.433775883655478,0.999393051725603,0.262418702920316,0.943729912906147,-1.00915009023699,1.06264233237015,78
193,-1.56983719947101,-1.77997112887896,0.119475171022279,-1.56660549277685,-1.07633361390146,-0.232184054385069,0.492699571052728,0.0737658817472128,-1.07532034218266,-1.68901156834821,-1.11867982152081,-0.113672945985871,0.976393970155759,-2.26017864017033,72
213,1.63065161231184,1.65805819156712,0.780538651811097,0.373183441262029,0.12166451083764,-1.48641200750123,-0.194664890466956,1.61936023782562,0.854964481563131,0.37804588753355,0.162578924514374,-1.882172836269,0.595703837347394,1.15827626882074,84
217,0.470574362359027,1.13705618220709,0.664426976772935,-0.771661881914964,1.13896651000425,-1.22010333252451,-0.4455323082557,0.0121555701448908,0.241046611810621,-0.840530825349898,0.893548269119851,-1.4150007349137,-0.0449894586074105,0.418117161321327,88
226,0.967618266320807,1.05827638496954,-0.517689195522582,0.100324243636235,1.14974653602355,-0.773392006757112,-1.0161137062903,-0.386184613365502,0.523747456074101,0.0887587229022712,0.899566256844637,-0.786708915651275,-0.201760506884674,1.15827626882074,87
230,-0.011560915759008,0.349431292459563,0.634331592545451,0.20864007463275,1.41257306350647,-0.395405500338542,-1.4987061030343,-0.531431430691513,0.00118493200008198,0.228212280011105,1.08180053165326,-0.322050171959017,0.116601806329815,0.198585650278136,84
241,-0.615716217778358,-0.311542602791023,-1.28858489880675,0.402417607127126,0.178099333646245,-0.283727668896692,-2.78277090120974,-0.928042322009025,-0.505202848377641,0.392756240571941,0.184182418807857,-0.261057358329169,-0.127962509427872,1.15827626882074,66
291,0.443163027339821,0.779069992590657,-1.45118375763073,0.872445880724406,-0.710863334944756,0.682715103196242,-0.212632459277429,-0.928042322009025,-0.185575861083371,0.787135753987348,-0.877924694868297,0.465422942811829,-1.30155583618081,0.688982523135073,84
294,0.710001019403647,0.998906946327086,-1.8215520014765,1.02800984063258,-0.354483797856153,0.579627874172996,0.281296236348765,-1.28723425674365,-0.0113444788216776,0.947115907562544,-0.494765893511226,0.382595733002883,-1.39987213109748,0.329627040320102,88
300,0.324785608207606,-1.26857896790259,-1.13804186931428,-2.14607375207466,-2.52126000584693,-0.232184054385069,-0.159321035230946,0.0737658817472128,2.95183022533996,-1.9723719007046,-2.53030042238959,-0.113672945985871,2.01012000492962,-0.0152802526800375,62
348,0.0710828347459698,0.494158604469955,0.341302752496815,-0.813414449816098,-1.06179675793427,-1.13419730833847,-0.768226976433398,0.920433485929182,-0.0794093572426219,-0.903645404556501,-1.12861581184042,-1.3222044650314,0.595703837347394,-0.0992318316348307,75
350,0.722929894216322,1.58200777272566,0.603783629218398,-1.1530907653137,1.20385237024839,-1.30600935671055,-0.324869675509368,0.826592029475723,0.310343349693946,-1.24601959378689,0.881485260010821,-1.58944449911627,0.490707391762356,-0.737686186742457,89
357,0.345899744544058,1.39018832493938,-0.627521418017934,-0.98807167511652,-0.702884119062949,-0.605875259594337,-1.30930147910272,-0.180515231565903,0.169268108067345,-1.05725666655158,-0.615559926667854,-0.578907359695741,0.325857731056422,-0.544540895377218,77
367,0.961515793570618,1.62008051400475,0.341302752496815,0.573828986590933,2.16362310491151,-0.631647066850148,-0.598798766893723,0.308466788467975,0.448617131138254,0.57986279983114,1.38079518575464,-0.651518847799681,0.104968647820854,-0.0992318316348307,96
368,0.644779202665241,0.43232366528264,0.376028406304049,0.284246836752879,1.16054028145398,-0.867888633361755,-0.553497723938215,0.873873700620511,0.342334705761673,0.288757844221854,0.905575269192905,-0.906758907411225,-0.0317117332900964,0.781061877792048,88
372,0.443163027339821,0.879420725644239,0.158169698667744,0.35849079372179,2.22374776634249,-0.206412247129257,-1.23937391077618,-0.763158561749592,0.14606657121517,0.348480879519451,1.4126875055693,-0.180172385824058,-0.346666723133551,1.15827626882074,91
382,0.670984073667171,0.738727110419107,-0.0858916101948789,0.79282531262066,2.74191983814949,-0.0861438132688034,-2.01583851561801,-2.72056047371759,0.281460856103408,0.814140765650686,1.63915560507551,-0.0566440920056832,0.104968647820854,1.30338302929574,89
388,-0.0572488491637758,0.43232366528264,0.196140921594862,0.819508458598771,0.168658045111651,0.824460043103206,-1.53941918088387,-1.19339280029019,-0.428752172418604,0.759988231048166,0.0229992441178236,0.614948986773527,-0.65110510717876,0.242039886628209,80
396,-0.0343505295915315,0.266019194478306,-1.13804186931428,1.5046623598339,0.780640354806599,0.480835946359051,-1.13987326956304,-0.0507251462666495,-0.505202848377641,1.43729977321395,0.414476070690352,0.301067083823805,-0.186641491418349,-0.699523953589367,80
398,-0.88814509459564,-0.00880261994986132,-0.627521418017934,0.573828986590933,0.302124672190462,0.661238597149733,-0.621937017583033,-1.38405529985371,-0.732415738506258,0.565729723726367,0.255368758807162,0.585620481647013,-0.52896923486601,-0.0573702622394181,76
403,0.742251788807219,0.43232366528264,0.270018200514748,1.63227995856527,0.159230943339025,0.72137281407996,-0.693419038112606,-0.114929764023243,0.0505868434553638,1.58033577510372,-0.0145503476372159,0.516078124455115,-0.588728556297328,0.64327795196118,86
407,0.85014852710883,0.266019194478306,-1.28858489880675,0.643368264957331,0.507506917485577,0.158688355661407,-1.20551833022189,-0.114929764023243,1.83914332676001,1.43729977321395,1.86304887112803,1.26441072484433,-0.509602319756988,0.597797148969686,83
410,0.973711956601601,0.411648678886807,-0.174227322250908,1.24080604736813,-0.125942939349821,0.424997030638126,-1.58118985869186,-2.04006040447216,0.157700007721044,1.16595303316584,-0.279611919499903,0.254009949269341,-0.398812898313783,-0.813307916857613,87
412,0.310655438204471,1.65805819156712,-1.72243959953052,0.779428935158761,0.83233359440512,-0.137687427780427,-1.45899838981818,-1.10235300384125,-0.231317200107819,0.705254894689989,0.475064310674378,-0.248143578016758,-0.65110510717876,-0.0573702622394181,83
414,0.793361674170321,1.42874921549365,-0.464922559193957,0.488953069631909,1.08527232419367,-0.0646673072222937,-0.717970365060522,-0.928042322009025,0.0424318396161084,0.392756240571941,0.60652922075306,-0.192802929571806,-1.73084420160219,-0.998245820461994,102
436,-3.43632969649944,-2.94708031393923,-0.804276440610632,-1.93642091180846,-2.59668485996062,-0.232184054385069,-0.159321035230946,0.0737658817472128,2.78254715100874,-1.45363328050855,-5.5252361379956,-0.113672945985871,2.09162491270413,-0.0152802526800375,57
440,1.04016805615486,-0.963756198856103,1.81823047779436,-0.515262476787126,2.94545428823677,-0.618761163222243,2.67467284783503,0.0737658817472128,1.1314345143697,-0.415690970271398,2.25092939577914,-0.23100923570935,1.45269551674927,-0.0152802526800375,104
476,0.42939488025779,-1.46047634832135,0.723312296281774,-0.193484447584668,1.00007663639422,-0.562922247501318,2.17154891304712,0.0737658817472128,0.820340934931295,-0.0556141043740127,1.26164816393922,-0.188586974355479,1.3335770695102,-0.0152802526800375,86
479,1.31832250362199,-0.0516081575017161,1.80123120470218,-0.943159567776034,0.770343320463637,-1.75701598368725,1.87013564568226,0.0737658817472128,1.48191017919274,-0.840530825349898,1.38612813429324,-1.83860724209177,1.5618024520664,-0.0152802526800375,88
481,1.78783454946389,-0.577085115548183,1.56622976849677,-0.386185295846118,0.11230842320816,-1.34896236880357,1.86518007726489,0.0737658817472128,1.58108102156346,-0.205573126729881,0.808338766295866,-1.13887573093334,1.50498336357517,-0.0152802526800375,90
501,-1.14690894690996,-0.333451155550389,0.723312296281774,-0.630620402408914,-0.828772061590987,-0.283727668896692,0.883833532875242,3.01106873490931,-0.795335953646862,-0.69868012136941,-0.794657946492474,-0.239564458212757,0.898956020949377,-1.77194098634253,76
503,-1.39876523342363,-0.7801893589681,0.723312296281774,-1.53534829980496,-0.662766325767483,-0.485606825733883,0.44539967056351,0.0737658817472128,-1.01829783883293,-1.65757391366283,-0.615559926667854,-0.480051652616552,0.884367724662106,-0.85076668670135,71
506,-0.268350730764392,-0.0945584325262855,0.723312296281774,-1.05720791157861,-0.556735692631673,-1.28882815187334,0.281296236348765,3.1252995685975,-0.287423823467627,-1.14964702160646,-0.503274961156908,-1.56296741365232,0.630341698100567,-1.1772652619378,79
519,0.303574057884563,0.616988414077005,0.196140921594862,-0.262251577806584,-0.859649096211988,-1.04399598294313,-0.986606810925019,0.0737658817472128,0.062761110774222,-0.309054505787467,-0.859271689178175,-1.19098236438279,0.0932106487690005,1.01515729957563,76
522,1.13498691005425,1.01872412484394,-0.517689195522582,-0.193484447584668,0.0287441407984532,-1.10413019987336,-0.553497723938215,0.0737658817472128,0.54601330624323,-0.239736224998022,0.0602021126242135,-1.27984071899819,-0.21706599530436,0.688982523135073,85
550,-0.505619094692431,-0.00880261994986132,0.0398021641195577,0.779428935158761,-0.134913177499983,1.27976197128921,-0.598798766893723,0.0121555701448908,-0.830286962412585,0.691478217077958,-0.287678072409581,0.90561276723932,-0.0996561932777213,-0.0573702622394181,74
554,-1.14690894690996,-0.802975695443792,-0.266579647143004,0.573828986590933,-0.836513691332964,0.47654064514975,-1.45899838981818,-1.48405136324059,-1.28760749717687,0.480041639053408,-1.03034162196503,0.29747279097026,-0.905294340430669,0.0270378874998107,74
566,-0.34078593177916,0.245083614757974,-0.684747773547258,0.239051960486339,-0.380224369004584,0.725668115289261,-0.141936209923432,0.826592029475723,-0.715510560371443,0.135760868100592,-0.520347198703602,0.49928572126299,0.0571668134883632,0.0270378874998107,74
578,-0.268350730764392,-0.399412745848274,-0.363331326824445,0.193347292327028,-0.821015529766563,0.313319199196276,-0.4455323082557,0.134156106635749,-0.665436313643644,0.0887587229022712,-1.01097119026656,0.157675881879454,-1.03619492397118,-0.264387427089037,83
596,0.684028272386167,-0.734750288076526,1.56622976849677,-1.01087271423935,0.497586372903307,-1.46923080266403,1.9140616730099,0.0737658817472128,0.939598541728365,-0.990258489760903,0.923548720706374,-1.48487872698896,1.32882880646607,-1.14193718355376,89
599,-1.52911467525079,-0.802975695443792,0.780538651811097,-1.63142006479442,-1.01044142969636,-0.54574104266411,1.29303542698195,0.0737658817472128,-1.10749492242492,-1.75406647733892,-1.05957301039955,-0.550336708153889,0.714227168947791,-1.77194098634253,76
605,-3.42252461415484,-2.83449058323482,0.443748053106789,-1.93642091180846,-0.74263216081058,-0.232184054385069,1.0404190446602,0.0737658817472128,-2.36175313305092,-2.10146994303215,-0.686246687685727,-0.113672945985871,1.0981292467102,-1.58246387923163,60
607,-0.514004056790637,-1.26857896790259,1.09368054012754,-1.53534829980496,-0.597810890613945,-0.232184054385069,1.21315947098122,0.0737658817472128,-0.443854251240438,-1.65757391366283,-0.54609196382389,-0.113672945985871,0.989204290097227,-1.55002805247299,81
614,0.697033866385494,0.266019194478306,1.01980326120766,-1.22818931319264,-0.179548708306343,-1.4133918869431,0.865455267937185,0.0737658817472128,0.806823786607207,-1.24601959378689,0.262418702920316,-1.47846007701891,0.335274851615408,-0.58363607462178,88
644,-0.348899955599339,-0.465733486049425,0.694082996603763,-0.855884044559208,2.40612129673946,-0.498492729361789,-0.717970365060522,0.526388523833668,-0.340055933980017,-0.946583256157379,1.49133103100546,-0.493980578498553,-0.416659839938687,1.90355430690045,89
692,0.380875233677286,0.473578458498426,-1.13804186931428,0.963764327510517,0.567324162215459,0.704191609242752,0.0835638844384111,0.193373631375081,-0.185575861083371,0.894326185171021,0.297484564234227,0.502651554907057,-0.738657005276701,-0.661127954205046,88
699,0.196032284339578,0.919361451613933,-1.92574926535161,1.94580282805867,-0.134913177499983,1.23251365798689,-0.424782592248107,0.134156106635749,-0.349751620346771,1.89096346174752,-0.287678072409581,0.872986142874219,-1.46852609533195,0.827436120115594,80
700,-0.0343505295915315,0.286921569375147,-1.53763941283806,1.46938097889777,-0.678857758606357,1.11224522412644,0.48100438729394,0.966293097500321,-0.505202848377641,1.40101681446285,-0.840704642344566,0.788338028182943,-1.69109975265964,0.781061877792048,83
716,1.20470394169985,0.43232366528264,1.30044203563225,-1.30646754357082,-0.241433545182712,-1.95459983931514,2.37908316168761,0.0737658817472128,1.43766955893464,-1.27080981041436,0.593574090514968,-2.29647237516464,1.057491000533,-0.0152802526800375,85
721,-0.14215151226782,-0.825806975587721,1.04472874300459,-0.877401613728615,-1.12673495238267,-0.266546464059484,0.730567074237219,0.0737658817472128,0.431873331302926,-0.861403117429792,-0.813013522808634,0.0737338823250304,1.33593485473559,-1.14193718355376,78
722,0.985873062248824,-0.465733486049425,1.21113529044109,-1.44550620569574,-1.34760899840061,-0.88077453698966,0.648083318579665,0.0737658817472128,0.94458288396548,-1.50937856017864,-1.19886240876405,-0.671175381408275,1.22945194976691,-0.465653786959916,84
729,-0.879131911081021,-1.63128477871409,0.890370874306449,-1.38845342337308,-0.0718200694518014,-0.232184054385069,1.71983521434465,0.0737658817472128,-0.627142938552039,-1.50937856017864,0.000511509278117607,-0.113672945985871,1.07997932302648,-0.85076668670135,78
731,0.0411962437996498,-1.08000926335322,1.65985930266076,-1.41672038359503,0.968355522450577,-0.489902126943185,1.77326473633698,0.0737658817472128,-0.0536372747863322,-1.53794659864152,0.765048565902965,-0.466185611489886,1.03022379966782,-1.31618644754416,91
746,1.11148395081792,0.328627437356486,1.91734287974034,-1.03391506556481,-0.319959811218143,-1.68829116433842,-1.0161137062903,0.0737658817472128,0.533323547224191,-1.12619870013985,-0.255509901268556,-2.28811502880295,0.267410317536712,0.874033048249986,83
763,-0.16556709130638,0.0338598730032476,-0.00123764138504222,-0.855884044559208,-0.405834111081816,-1.03970068173383,-1.07680319853178,0.0737658817472128,-0.226702054034926,-0.946583256157379,-0.344597877256559,-1.18514889084786,-0.716277969655146,2.64326800197701,75
774,-0.111105206301438,-0.159259016476517,-0.0431236878016985,0.911784024941999,0.698653041535753,-0.275137066478088,-1.17236085286017,-1.28723425674365,-0.190109270823536,0.93396721743583,0.561002837684367,-0.252442141199653,-0.381201519237758,2.69771789140257,76
776,0.181503722766244,-0.621917989541438,-0.743633093056096,1.83558526606755,0.389386274845565,0.240299078638143,-1.23937391077618,-2.29434151778528,-0.0113444788216776,1.91340627971507,0.346069639148189,0.250360129597008,-0.905294340430669,0.285720447572446,84
788,0.818692536430168,0.859407882335805,-0.627521418017934,0.223874708494558,-1.10522545672388,0.837345946731112,-0.873712698981813,0.364424444697616,0.0587107602815718,0.120152759989127,-1.39594622384015,0.585620481647013,-0.381201519237758,-0.182268399034858,82
789,0.722929894216322,-0.333451155550389,-0.314379529701488,1.11665232326602,-0.354483797856153,1.28405727249851,-0.404297211028456,0.419373799810309,-0.00298349746185036,1.03827479804948,-0.494765893511226,0.908561709273676,-0.0185842175580454,0.418117161321327,78
792,-0.556137817455278,-0.311542602791023,-0.129579343009033,0.573828986590933,1.23648027793615,0.936137874545056,0.594296342059268,0.920433485929182,-0.469231995505582,0.57986279983114,0.899566256844637,0.815801605151061,-0.982548424051147,0.0695838512563651,88
811,-0.276346918332509,0.224114644859329,-1.21191914823417,1.02800984063258,-0.232636126227722,1.12942642896364,0.320679772428656,0.419373799810309,-0.670953105726124,0.947115907562544,-0.377488198947562,0.800574390554941,-0.761376066751084,-0.699523953589367,81
835,-1.48868379583571,-0.917587825167548,0.443748053106789,-1.50477847008677,-1.07633361390146,-0.232184054385069,0.972700378712329,0.0737658817472128,-1.07532034218266,-1.6267915456698,-1.14856160521248,-0.113672945985871,0.828246420070016,-1.77194098634253,74
837,-0.406070768218681,-0.871605617814734,0.664426976772935,-1.81088657375429,-1.02518989791362,-0.232184054385069,1.09742027684718,0.0737658817472128,-0.282696610858745,-1.93293475416277,-1.02064476522015,-0.113672945985871,0.784623753546743,-1.14193718355376,80
861,1.16999289582127,2.32628621376437,-0.0431236878016985,0.20864007463275,0.369896206569099,-1.23728453736172,-0.986606810925019,-1.10235300384125,0.568007228700201,0.182238749289787,0.332247869048641,-1.47846007701891,0.116601806329815,1.11034874095895,83
862,1.36842854144166,2.0512849816722,1.04472874300459,0.100324243636235,-0.241433545182712,-0.614465862012941,-0.669236918072251,0.473350548727408,0.711837904386228,0.0887587229022712,-0.152702465944291,-0.612579208700663,0.172963913150134,0.329627040320102,88
863,2.06530245503249,2.65027537998157,1.14148042268603,0.559793586681779,0.2541397285735,-1.06976779019895,-0.621937017583033,0.419373799810309,1.05721722175177,0.565729723726367,0.241231754714842,-1.2262178127081,0.247153294809662,0.597797148969686,93
871,0.565220765216454,0.919361451613933,0.158169698667744,-0.297177251441934,0.235044689358538,-0.511378632989694,-1.13987326956304,-0.316075624547816,0.218653370583292,-0.344232807436681,0.227044972336418,-0.512651291879512,0.0448884231116287,2.58903227165063,76
879,0.130296024313837,-0.377385979693538,0.119475171022279,0.924828912989649,1.47950750908852,0.193050765335822,-1.20551833022189,-0.531431430691513,-0.0451131028128455,0.947115907562544,1.03555563908063,0.206220597784713,-0.0857506001805306,-0.0152802526800375,86
887,0.253697968224559,-0.22429513685974,-1.72243959953052,0.629543946139506,-0.414341589767851,-0.601579958385035,-0.820105045648535,-1.92045265484429,0.0301406994935631,0.635987195521219,-0.352795320639161,-0.617419750116853,-0.588728556297328,1.15827626882074,77
892,-0.710758621709207,-0.917587825167548,-1.72243959953052,0.924828912989649,-0.0718200694518014,0.489426548777655,0.113344007343017,-0.180515231565903,-0.974723470463138,0.841005850579609,-0.231551206093906,0.30824307515564,-1.03619492397118,-0.85076668670135,81
904,0.224954440090338,-0.377385979693538,-0.129579343009033,0.14711211958973,0.187554803615442,-0.219298150757163,-0.230803055760517,1.79775066167156,-0.287423823467627,0.0571222440157324,0.00802137544619192,-0.330863156177644,-0.630011394906475,-0.0992318316348307,87
909,0.0261822096354442,-0.311542602791023,-0.866786027414495,0.269237299880768,1.39037047367905,-0.507083331780393,0.637468886121864,1.01147328237812,-0.464135552570924,0.166803117442217,0.78365849290465,-0.661331389350255,-0.807866315314491,-0.775614295121253,95
925,0.538382151193285,1.88397331282492,-0.997889661863703,1.44574237174432,1.16054028145398,1.36566799547525,0.549932682213262,0.62977492297878,-0.12303851636342,1.37670714784762,0.65154691850668,0.964060256879439,-1.14903934186817,-0.0992318316348307,92
940,-0.260367484298269,-1.83002080090193,0.780538651811097,-1.20282547734703,0.0843254958659911,-1.00963357326872,1.68134939540906,0.0737658817472128,0.614241776457095,-1.17334350571471,0.696067172956662,-0.690958528022329,1.4040209721207,-0.0152802526800375,77
951,2.3528440040776,1.25442936454355,1.85180812293582,-0.591641947017774,-1.32757096627259,-2.64614333401275,2.20001126100392,0.0737658817472128,3.17988273285766,2.87756182450365,5.32191035261023,-0.163412055594092,2.02090783584434,-0.0152802526800375,71
976,-0.430773902913447,-1.60671165191325,0.603783629218398,-1.30646754357082,-0.710863334944756,-1.71406297159424,0.689853996387653,0.0737658817472128,0.451947963122411,-1.32131067538457,-0.144901801295195,-1.93379292351659,1.29686133497913,-0.622498543863071,70
981,0.289378586605779,-1.03336366906224,1.01980326120766,-1.73556124878028,-1.3741096206122,-0.232184054385069,1.1447201773364,0.0737658817472128,0.218653370583292,-1.85813005035661,-1.52557806067984,-0.113672945985871,0.903753930458045,-2.20652523077122,87
983,-0.0419711876910582,-0.355398865833146,0.476779696019453,-1.4748458381113,-0.774163794288306,-0.232184054385069,1.73066408138601,0.0737658817472128,-0.0621945922254066,-1.59661901147582,-0.695170372469172,-0.113672945985871,0.908519960159864,-1.98176258626371,85
984,-0.556137817455278,-0.871605617814734,0.890370874306449,-1.22818931319264,-0.276478764005958,-0.232184054385069,1.52362532981739,0.0737658817472128,-0.469231995505582,-1.32131067538457,-0.215657528549796,-0.113672945985871,0.954495646087594,-2.26017864017033,84
989,-0.0879503292491988,-0.465733486049425,1.42744596883119,-1.3606739951704,2.13966674172715,-0.81204971764083,1.4737583672661,3.50435871822552,-0.176535903094788,-1.48128287257982,1.3701080653435,-0.874986318274799,0.833527110224532,-1.35031689686213,96
995,2.16077774195095,0.919361451613933,1.56622976849677,-0.534167827029234,1.01067790965131,-1.48211670629193,-0.00923574613445399,1.99889652219613,1.13362433559943,-0.582380373744043,0.789842748965602,-1.87486885448467,0.682964579461322,-1.35031689686213,100
1000,1.14668856468329,1.15668423189938,1.34366497007348,-1.01087271423935,1.16054028145398,-1.28023754945474,-0.141936209923432,1.35066772446978,0.55547231173688,-1.10298967648301,0.8572503476467,-1.5498139764483,0.398771497112954,0.462700115157525,92
1001,1.12325208379625,1.21540984019464,1.56622976849677,-0.670159833456684,1.07457470663014,-1.28023754945474,0.616027492750251,1.39053243200614,0.574241880266022,-0.738487177682546,0.832868778339559,-1.53018884326699,0.514269894538971,1.59953292126404,90
1007,0.710001019403647,1.19586093653261,1.04472874300459,-0.553197560836329,-0.125942939349821,-0.829230922478037,-0.553497723938215,0.251463134388797,0.303162408224653,-0.620650255224042,-0.0753672311552069,-0.896131481953589,0.205405421072042,1.25479366512186,82
1016,-0.590097564250049,-0.246049468209201,-0.464922559193957,-0.193484447584668,0.197024449703855,-1.03970068173383,-1.45899838981818,-0.457943375932066,-0.489723102202427,-0.239736224998022,0.198520661814379,-1.18514889084786,0.362997064604781,0.0270378874998107,71
1027,0.710001019403647,0.677992035918153,-0.129579343009033,0.343746951563814,0.168658045111651,-0.468425620896675,-1.85753893650556,-0.844486226740058,0.303162408224653,0.333625112035665,0.176994117110419,-0.461577474252092,-0.490502147567533,0.373759374338503,84
1033,-0.300413429225008,-0.734750288076526,-0.866786027414495,1.07884389333821,0.947277079648792,0.137211849614897,-1.66813431257398,-3.0418686082284,-0.306427946970163,1.11522908457562,0.727568834862008,0.153909697602711,-0.65110510717876,-0.425862540226944,82
1070,-0.324597499747165,0.370202666822105,-1.72243959953052,1.51637639635856,0.302124672190462,2.25479534580075,-0.249181320698576,0.0737658817472128,-0.704300212069177,1.44934635111866,0.0749876045663864,1.51145905363716,-0.548608620816388,0.373759374338503,70
1081,0.359922033134667,0.286921569375147,1.48808931638573,-1.12869084854697,-1.8404773476705,-1.12131140471057,-0.159321035230946,0.0737658817472128,2.30985808607017,-0.60145551506882,-0.239521618253409,0.55931348661301,1.69900582908606,0.242039886628209,75
1084,-2.48619293375802,-1.7053575982935,0.664426976772935,-0.855884044559208,-1.63131996496999,1.15090293501015,-0.159321035230946,0.0737658817472128,0.598964130028241,-0.582380373744043,-0.868587397450115,1.94870641792995,1.77877136084714,-0.0152802526800375,52
1098,0.0486855362608393,1.71484826615034,-0.997889661863703,1.05348811449168,-0.38877549449593,1.72647329705661,-0.212632459277429,-0.606734187498218,-0.448908963648509,0.973317465861876,-0.528910521869142,1.19807287829757,-1.36649559355433,1.15827626882074,78
1150,0.0261822096354442,1.11740150009712,-0.627521418017934,1.3139817653035,0.739535528694385,1.09935932049853,-0.212632459277429,-1.48405136324059,-0.464135552570924,1.24120608406649,0.387252710141729,0.779128657286324,-1.43387623489525,-0.505213351914828,90
1160,-1.37897842243071,-0.0516081575017161,0.541274042414535,-1.33335387875884,-1.23913548129902,0.304728596777672,0.384248550450678,0.0737658817472128,0.623344993758027,-1.27080981041436,-0.42733265361858,1.0468810481816,1.65347160464399,-0.0152802526800375,62
1169,-0.181240217827555,0.494158604469955,0.341302752496815,0.402417607127126,0.749790902716044,-0.292318271315296,0.679512605899915,1.31027499222421,-0.605512876925494,0.303764184896659,0.394075814283272,-0.424959181852866,-0.201760506884674,0.112357334008837,87
1172,0.108177987464377,1.33215866028207,0.376028406304049,0.100324243636235,-0.143869046022863,-0.425472608803656,1.21315947098122,1.65588291028731,-0.408759813881381,-0.00690509038950939,-0.295760406178468,-0.569354248128047,-0.280224721781285,0.198585650278136,88
1174,1.18159583896163,0.555712042423321,0.376028406304049,0.35849079372179,-0.0536644149809365,-0.14627803019903,0.96403145918015,-0.386184613365502,0.288721290630128,0.258590364695614,-0.215657528549796,-0.274025665672984,-0.434747187306194,0.0695838512563651,95
1176,1.0040493037743,1.13705618220709,0.341302752496815,0.601770886588456,-0.622279630959224,0.0641917290567642,0.433354066084482,-0.0507251462666495,0.176944118759806,0.508776761606375,-0.776385615706384,-0.0687757321089042,-0.716277969655146,-0.345586345518162,94
1178,0.23934843351253,0.616988414077005,0.119475171022279,0.387825511001862,-0.950844958546255,0.382044018545107,0.0684644244027155,0.826592029475723,-0.320781795812281,0.288757844221854,-1.17866666706642,0.2173150935073,-0.672509382109409,0.373759374338503,85
1184,0.144983874999559,1.58200777272566,-0.219878710394398,0.14711211958973,-0.116958337324839,0.605399681428807,0.0985228823454587,0.729770986365668,-0.340055933980017,0.0571222440157324,-0.247507829059839,0.420835674435626,-0.807866315314491,0.597797148969686,84
1193,0.949284427947263,1.15668423189938,0.119475171022279,0.872445880724406,0.225518391709219,0.837345946731112,0.37173424076596,-0.683943544367295,0.180771361027061,0.800655910294187,0.0379216390747167,0.605203903316523,-0.738657005276701,1.9549862381273,87
1196,-0.308461683266579,0.939289613556372,-0.314379529701488,0.711884646787457,0.0936389103035067,0.764325826172979,0.515837821742036,0.873873700620511,-0.693137364968109,0.622016462355677,-0.0907159812706531,0.529446253907264,-0.65110510717876,0.198585650278136,82
1199,-0.0725751555057567,1.01872412484394,-0.743633093056096,0.517423935760261,-0.766303147059379,1.13801703138225,-1.04617216423304,-1.19339280029019,-0.531216997845192,0.422035345695782,-0.943898787036532,0.806674338722609,-0.761376066751084,0.64327795196118,75
1207,-0.754543790058815,-0.894573614745363,1.01980326120766,-1.22818931319264,-0.89028723590131,-1.00963357326872,2.14674512033546,0.0737658817472128,0.0708386940235872,-1.24601959378689,-0.51180203742479,-0.848757953132708,1.62038868757335,-0.0152802526800375,72
1218,0.812373718110668,-0.986911028349024,1.56622976849677,-1.20282547734703,0.07502631668415,-1.95459983931514,1.7252587630905,0.0737658817472128,0.583553133540066,-1.27080981041436,0.255368758807162,-2.7657373712468,1.13964112140783,-0.0152802526800375,82
1223,-2.29826568326296,-1.63128477871409,0.270018200514748,-1.59860739181042,-0.678857758606357,-0.232184054385069,1.22058710856923,0.0737658817472128,-1.56816644361358,-1.72115609934963,-0.606810646285717,-0.113672945985871,1.20002332875432,-2.01073993110049,68
1226,-1.92819282832182,-1.95625238188385,0.694082996603763,-1.4748458381113,-1.18342392557153,-0.232184054385069,0.421217550523155,0.0737658817472128,-1.02457777460277,-1.56701600932045,-1.14856160521248,-0.113672945985871,0.913254432241515,-1.6783062266295,69
1227,-3.73292946159589,-3.00394709411241,0.509282809911307,-1.22818931319264,-1.3741096206122,-0.232184054385069,0.254494271274447,0.0737658817472128,-2.66688848569751,-1.32131067538457,-1.62561458790689,-0.113672945985871,0.738394640786941,-2.60677666356637,63
1229,-2.00479408944986,-1.46047634832135,0.916925517534845,-1.30646754357082,-0.498614465634956,-0.000237789082764758,0.720485030686389,0.0737658817472128,-1.42832707061415,-1.4264059353659,-0.435700345167654,0.0269615638050084,0.689313661609299,-0.699523953589367,69
1241,1.28456924454688,0.161005513686234,0.994568138181562,-0.572354590455853,-1.25977444897056,-1.75272068247795,-0.324869675509368,0.778565734544932,0.632401085634841,-0.639967260639672,-1.42796526943566,-2.42464074481338,0.498629695429026,-0.0992318316348307,83
1244,1.61509258143731,0.53522523144479,1.11772107253996,-0.404292776323504,-0.448225828288368,-1.44775429661752,-1.53941918088387,-1.28723425674365,0.84704049566265,-0.451998581184588,-0.361009476456128,-1.8099030808934,0.514269894538971,-0.425862540226944,85
1246,-0.505619094692431,-0.734750288076526,0.943137510635074,-0.943159567776034,-1.02518989791362,-0.945204055129189,0.157004988270777,0.0737658817472128,-0.388930104628597,-1.03471742734092,-1.04980563099133,-1.03169288935552,0.643811088893303,-0.961730180407247,78
1248,1.13498691005425,1.21540984019464,0.808558424046398,0.20864007463275,0.187554803615442,-1.12560670591987,-0.286580231394872,0.0737658817472128,0.583553133540066,0.197618352572749,0.212808059880792,-1.29188513793512,0.362997064604781,-1.1063708036844,91
1249,1.75791443815118,1.60105607841571,0.916925517534845,0.545714598084435,-0.0718200694518014,-0.747620199501301,-0.957631600364982,0.0737658817472128,0.89142926231212,0.551555018110685,-0.0296687219716681,-0.791832057611193,0.104968647820854,1.25479366512186,88
1253,1.14084187540384,1.29334531929592,0.23341538537263,-0.126079672600723,0.678295269564656,-0.648828271687356,-0.873712698981813,0.0737658817472128,0.620315840694766,-0.138185978510399,0.600056862682173,-0.631987316839872,0.257331921236221,0.0695838512563651,88
1261,0.12293487262868,0.779069992590657,-0.627521418017934,-0.459265254856359,0.863515825272377,-1.00533827205942,-0.286580231394872,0.0737658817472128,-0.049371056565606,-0.525847320951569,0.670687296701636,-1.13887573093334,-0.363820989826999,0.418117161321327,84
1305,-0.65870021192649,-0.159259016476517,-2.54610193914331,0.573828986590933,-0.319959811218143,0.957614380591566,0.679512605899915,0.966293097500321,-0.937903242261022,0.480041639053408,-0.460908198194733,0.675960020648161,0.116601806329815,-1.1772652619378,71
1314,0.0859558160580885,-0.532420315071263,-0.684747773547258,0.950818769019153,0.12166451083764,1.75224510431242,0.549932682213262,0.134156106635749,0.34585700361396,1.12795269000984,0.407687455718372,1.57617133292522,-0.346666723133551,-0.544540895377218,80
1323,-0.0343505295915315,-0.289672964123079,-0.997889661863703,1.5046623598339,0.206508266608032,1.49882233296361,0.00660754141754131,-0.531431430691513,-0.505202848377641,1.43729977321395,0.000511509278117607,1.0525113392044,-2.74107407041463,-0.140864648785476,94
1328,0.144983874999559,-0.355398865833146,0.305973144090214,-1.53534829980496,-1.85646345202489,-1.51218381475704,-0.159321035230946,0.0737658817472128,2.36187902450455,-1.19729759562532,-0.0907159812706531,0.065987792739042,1.80612855129712,-2.46449704984485,76
1353,-0.997515638643553,-0.246049468209201,-0.00123764138504222,0.431454234286569,-0.125942939349821,0.712782211661356,0.0684644244027155,1.31027499222421,-1.1795558116952,0.333625112035665,-0.279611919499903,0.489166032065498,-0.716277969655146,0.874033048249986,76
1363,0.00357213323033298,-0.137655172535477,-0.627521418017934,0.084601392075307,-0.678857758606357,-0.283727668896692,-1.07680319853178,0.473350548727408,-0.433775883655478,-0.00690509038950939,-0.813013522808634,-0.397779155859937,-0.509602319756988,0.373759374338503,78
1371,0.166929903945865,0.677992035918153,-0.684747773547258,-0.159617639941585,-0.0263235597186641,0.154393054452105,1.48637082940172,2.6138111238989,-0.36926128577825,-0.274226277635908,-0.191933954418358,0.015156336357976,-1.89829266792379,-0.0992318316348307,97
1372,-0.220644320454397,0.0125464026230306,-1.36825790570947,0.503211279661102,0.389386274845565,0.8115741394753,0.492699571052728,1.96628009684267,-0.632578914911844,0.407419216697799,0.14085896877264,0.565911390101689,-0.630011394906475,-0.0152802526800375,81
1389,-1.78853705196701,-1.26857896790259,0.443748053106789,-1.77253807522855,-1.60137149415063,0.304728596777672,0.740586300909633,0.0737658817472128,-1.10749492242492,-1.89490821911308,-2.00287637634431,0.365055291879704,1.11227946502448,-1.64660343175059,69
1393,-1.69378512640577,-2.31867402586846,0.969015583905503,-1.8508033121673,-1.01044142969636,-0.232184054385069,0.928880755188,0.0737658817472128,-1.10103133239536,-1.9723719007046,-1.00132078557456,-0.113672945985871,0.945538289090794,-1.92305739476832,74
1421,1.52572705874588,1.42874921549365,1.21113529044109,-0.44083047581198,0.947277079648792,-1.38332477847799,0.128029777710742,-0.316075624547816,0.798659223664728,-0.488711922505078,0.752594021108645,-1.69769615863567,0.267410317536712,1.11034874095895,92
1431,0.0411962437996498,0.718511669330186,0.603783629218398,-0.496478710245668,0.225518391709219,-0.296613572524598,-1.0161137062903,0.251463134388797,-0.0967587879769091,-0.563422262981208,0.219932804500771,-0.274025665672984,0.521989570651002,0.967893900892673,76
1437,-0.870134093052443,-0.0516081575017161,-0.129579343009033,-0.690148974034851,0.947277079648792,-0.446949114850166,-1.13987326956304,-0.683943544367295,-0.670953105726124,-0.758599999662147,0.727568834862008,-0.438639930053601,-0.509602319756988,0.507507951900865,79
1442,-0.951670792212797,-0.289672964123079,-0.413491931647469,0.387825511001862,0.379634204580531,0.120030644777689,-3.1869047776365,-0.606734187498218,-0.721133631672494,0.37804588753355,0.339164681103935,0.138798607376643,-0.548608620816388,0.827436120115594,69
1450,-0.46390142398665,0.370202666822105,-0.314379529701488,0.846047755233595,0.379634204580531,0.970500284219472,-0.159321035230946,-1.19339280029019,-0.801129840595344,0.759988231048166,0.133592885590192,0.685483510116941,0.0324744386595551,0.418117161321327,75
1463,0.130296024313837,0.411648678886807,-0.0858916101948789,-0.159617639941585,0.884373188497767,-0.253660560431579,-0.0413984318289323,0.419373799810309,-0.393872379979221,-0.274226277635908,0.481740438188119,-0.384278813714811,-0.346666723133551,1.01515729957563,85
1464,0.631618198391225,0.349431292459563,-0.129579343009033,0.314103150688692,0.11230842320816,-0.215002849547861,-0.693419038112606,-0.247542252763594,-0.0621945922254066,0.212942632705072,-0.0753672311552069,-0.344130230340064,-0.568526372176246,2.64326800197701,81
1470,-0.011560915759008,0.879420725644239,-0.363331326824445,0.725469722970239,-0.107959377163705,0.154393054452105,-0.645413064866131,-0.316075624547816,-0.489723102202427,0.635987195521219,-0.263527898009582,0.015156336357976,-0.880359011738916,-0.385839948467668,85
1471,-0.0649059078582913,0.370202666822105,-0.464922559193957,1.4220080599014,-0.116958337324839,1.00486269389389,-0.364093100006629,0.680182792962614,-0.525992572594689,1.35229905965114,-0.271561882790585,0.710736050261591,-0.930631000812484,0.874033048249986,80
1484,0.100782202183638,1.01872412484394,-0.997889661863703,0.223874708494558,-0.0718200694518014,1.06070160961481,0.254494271274447,0.680182792962614,-0.325585742276248,0.135760868100592,-0.184057036889553,0.788338028182943,-1.73084420160219,-0.0992318316348307,89
1495,0.644779202665241,-5.43660570794763,-1.06675731733221,0.14711211958973,-2.61514549929417,-3.00265333438481,-0.159321035230946,0.0737658817472128,3.23212957901289,0.0887587229022712,-3.56910474101629,-0.550336708153889,2.0727386534892,-0.0152802526800375,91
1507,-0.667340256406161,-0.986911028349024,-0.931280373809578,0.177995577278516,-1.28707792223491,0.8115741394753,-1.66813431257398,-1.38405529985371,-0.944006417397302,0.0729711990275048,-1.68228277991775,0.565911390101689,-0.0449894586074105,0.242039886628209,67
1514,-0.728228424362846,-0.802975695443792,-1.06675731733221,0.100324243636235,0.311764021403925,0.92325197091715,-0.212632459277429,-0.386184613365502,-0.987104909205042,-0.00690509038950939,0.0823600531608454,0.650418726735101,-1.0916599630695,-0.544540895377218,81
1526,-1.19445323150468,-1.53333892405498,-1.28858489880675,0.314103150688692,-0.670819423579942,1.23680895919619,0.527283284143258,0.826592029475723,-1.32218577011594,0.212942632705072,-0.83145310663166,0.875966563188481,-0.264137087409412,1.01515729957563,66
1549,0.108177987464377,1.67701163994276,-0.363331326824445,1.46938097889777,0.311764021403925,1.40862100756827,0.58331963951527,-1.01395241716364,-0.408759813881381,1.40101681446285,0.0823600531608454,0.992872127576558,-1.33372911435147,-0.699523953589367,91
1552,-0.581586431888244,-1.22113247780514,1.14148042268603,-1.1530907653137,-1.46490294027296,-0.43406321122226,-0.159321035230946,0.0737658817472128,1.41138551743311,-0.925024869250601,-0.369240412991222,0.666406909080469,1.72570762085751,-0.0152802526800375,68
1556,1.23340707649154,-0.465733486049425,2.05749508719092,-1.22818931319264,-0.564980097922456,-1.22010333252451,1.46104620083812,0.0737658817472128,1.27491418185259,-1.22151936777696,0.0823600531608454,-1.00409770917401,1.48480127921095,-1.98176258626371,91
1564,-1.0997773882325,-2.00719994820801,0.572769266789304,-1.56660549277685,-0.662766325767483,-0.232184054385069,1.09742027684718,0.0737658817472128,-0.665436313643644,-1.68901156834821,-0.53749208428843,-0.113672945985871,1.16581989242037,-1.74097548584316,75
1585,1.90518580878663,1.48640448427339,1.74936282232585,0.976677359233141,1.68324322212067,-0.618761163222243,-0.0908817415861277,0.778565734544932,0.971710285735968,0.999393051725603,1.14453281431961,-0.636858567492787,0.498629695429026,-0.385839948467668,103
1586,1.88104016723437,1.09772005866165,1.06935209030553,1.02800984063258,3.08733608876503,-0.670304777733866,0.58331963951527,1.18578396421035,0.988724351630487,1.07688462848022,1.80583074453844,-0.676109234505976,0.0932106487690005,-0.385839948467668,113
1590,0.924715504364073,0.779069992590657,0.890370874306449,0.328951284961868,1.45714161445408,-1.00104297085011,-0.509437962926869,0.0737658817472128,0.608146621402287,0.37804588753355,1.15583448241075,-1.03169288935552,-0.0720061577437923,-0.961730180407247,97
1591,1.92917507995117,1.88397331282492,1.18818135943463,1.38622413960103,2.44295516585351,-0.489902126943185,-0.344361801182422,-0.457943375932066,1.01270109470191,1.44934635111866,1.53779071081974,-0.466185611489886,0.0448884231116287,0.373759374338503,106
1592,1.19316614373588,1.17628577505355,0.916925517534845,1.26530428024964,2.50461044132416,-0.446949114850166,-0.768226976433398,-0.763158561749592,0.580454795448952,1.31549929530627,1.53779071081974,-0.438639930053601,0.104968647820854,-0.305102062344776,101
1603,0.71647023145066,0.514707473539555,0.969015583905503,0.79282531262066,1.43483012153274,-1.03111007931523,-2.2545098581988,-2.04006040447216,0.306756166789772,0.814140765650686,1.01223260994278,-1.17351507810119,-0.738657005276701,0.920852396457714,92
1612,0.224954440090338,-0.64439815044864,0.305973144090214,0.885592818057985,0.749790902716044,0.012648114545141,-1.07680319853178,-0.606734187498218,0.013642219900447,0.907572637867508,0.600056862682173,0.0387215892494275,-0.672509382109409,2.11058319826099,83
1634,0.0486855362608393,-0.22429513685974,-0.363331326824445,0.872445880724406,0.0103311089531228,-0.627351765640847,-0.693419038112606,-0.114929764023243,-0.359486666077973,0.814140765650686,-0.113849300512443,-0.766301379487044,-0.78444310310717,1.70000131367872,80
1645,-1.11858081422706,-0.689487340707752,-1.92574926535161,0.806185037566506,-0.74263216081058,1.21962775435898,0.254494271274447,-0.247542252763594,-1.26704859468865,0.718993879283981,-0.915491792514109,0.864027489290068,-0.738657005276701,0.688982523135073,68
1647,0.0561630478684131,0.859407882335805,-2.03558148784697,1.015224115291,0.206508266608032,0.687010404405544,-0.424782592248107,-0.844486226740058,-0.443854251240438,0.93396721743583,0.000511509278117607,0.468826071019098,-1.0916599630695,0.734910588933267,80
1673,0.585244335142236,-0.487921403250353,1.73177482258702,-1.38845342337308,0.0287441407984532,-0.232184054385069,1.60149919981776,0.0737658817472128,0.306756166789772,-1.48128287257982,0.111715680530169,-0.113672945985871,0.879438984107423,-0.998245820461994,91
1674,0.296481782041635,-0.0730650956839265,1.11772107253996,-1.08076105056302,0.487679840391695,-0.704667187408281,1.34187460267133,0.0737658817472128,0.0988695383509651,-1.17334350571471,0.441516722744933,-0.720874247261511,0.537232411359174,-1.31618644754416,91
1687,0.100782202183638,0.839366530636127,0.723312296281774,-0.44083047581198,0.487679840391695,-1.09553959745476,-0.84668549675063,0.0737658817472128,0.106810216111707,-0.470303540998459,0.521566548618957,-1.18514889084786,0.205405421072042,-0.305102062344776,83
1688,1.49369193030261,1.15668423189938,0.836196963047962,-0.572354590455853,0.63774685919767,-1.71835827280354,0.0222962578463533,0.920433485929182,0.748800292824537,-0.639967260639672,0.521566548618957,-2.34709972302974,0.372065600097594,-0.737686186742457,92
1700,0.558526210742845,1.25442936454355,0.376028406304049,0.193347292327028,0.206508266608032,-0.756210801919905,-0.742902347869801,-0.928042322009025,0.292341514763357,0.197618352572749,0.255368758807162,-0.766301379487044,0.537232411359174,-0.345586345518162,82
1708,-0.607162423173675,-0.22429513685974,0.23341538537263,-0.477813833876792,1.22559061819332,-0.648828271687356,-1.53941918088387,-1.01395241716364,-0.500032263486225,-0.544578707631059,0.893548269119851,-0.671175381408275,-0.280224721781285,0.920852396457714,80
1713,-0.65870021192649,-0.355398865833146,-0.57186310678107,0.037039184774135,2.16362310491151,-0.65741887410596,-0.986606810925019,-0.247542252763594,-0.536452282089799,0.00919824234153726,1.38079518575464,-0.681051026228334,-0.329734253945564,0.329627040320102,85
1717,-0.480547195056486,-0.532420315071263,-0.266579647143004,0.402417607127126,-0.0808764050445206,0.0942588375218777,-1.42024758271707,-1.28723425674365,-0.423738736801625,0.392756240571941,-0.0372492360285296,0.115991649410569,0.0693118574219108,2.3210734576695,67
1721,-0.67599479707736,-0.355398865833146,-0.627521418017934,0.373183441262029,0.244585136728141,0.171574259289312,-2.87468624213765,-4.2783777187054,-0.546955543185041,0.36328761744356,0.234144607711243,0.187640245335604,-0.568526372176246,0.373759374338503,72
1730,-0.430773902913447,-0.64439815044864,-1.13804186931428,0.819508458598771,1.02129295974343,0.901775464870641,-0.0252366809272819,-0.683943544367295,-0.778028722065592,0.732695529358631,0.567538187102171,0.634346880051048,-0.509602319756988,0.597797148969686,79
1737,-1.07169442755378,-0.666921171710758,-0.804276440610632,0.343746951563814,0.801276051044542,0.34338630766139,1.95681966055193,2.84359727258504,-1.1795558116952,0.258590364695614,0.454969296286662,0.202513508749467,-0.363820989826999,-0.699523953589367,84
1748,-0.173397361241503,0.494158604469955,-0.804276440610632,1.4575735540741,0.770343320463637,1.34419148942874,0.515837821742036,0.778565734544932,-0.600133663051446,1.38887419712568,0.407687455718372,0.949552327716843,-0.416659839938687,-1.03452472954542,84
1749,0.144983874999559,0.245083614757974,-1.62793878022343,0.924828912989649,0.63774685919767,0.785802332219488,0.384248550450678,0.308466788467975,-0.383997885037617,0.841005850579609,0.318378519612257,0.546075005371472,-1.30155583618081,0.112357334008837,88
1763,-0.0343505295915315,0.81929652790078,-1.13804186931428,1.5280674865776,0.936758561733725,1.13801703138225,-1.27395762386671,-2.72056047371759,-0.505202848377641,1.46136933131156,0.514956141832275,0.806674338722609,-1.39987213109748,-0.182268399034858,86
1768,2.95715384734545,1.0780117299526,2.1313723661108,-1.1530907653137,-1.85646345202489,-2.89097550294296,1.50510596184947,0.0737658817472128,3.18136756475008,1.06404448847304,3.8658890745141,-2.2057690000092,1.99386712147018,-0.0152802526800375,64
1778,1.3849925168949,0.859407882335805,1.48808931638573,-1.08076105056302,-1.0178232077808,-1.15996911559429,2.80154067239629,0.0737658817472128,1.33842828682924,-1.03471742734092,-0.47780148094233,-0.912086441952296,1.68995447947151,-0.0152802526800375,87
1780,1.16999289582127,1.05827638496954,0.969015583905503,-0.710289557599107,1.37928961478085,-0.597284657175733,1.77851133374415,0.0737658817472128,1.24902033185525,-0.620650255224042,1.57355923264718,-0.15923622504894,1.60138870920167,-0.0152802526800375,90
1782,-0.268350730764392,1.21540984019464,0.969015583905503,-2.03259077826573,-1.98879538890861,-0.670304777733866,-0.159321035230946,0.0737658817472128,1.81504096202364,-2.05634204029485,-1.33266154005902,0.688651455619912,1.95215465890013,-0.0152802526800375,72
1784,-1.2135876717368,-0.202578771319561,0.119475171022279,-1.22818931319264,-1.47762367410637,-0.653123572896658,-0.159321035230946,0.0737658817472128,1.13362433559943,-1.03471742734092,-0.469345985640271,0.354482741360971,1.70490931161355,-0.0152802526800375,61
1794,3.07156294545457,1.92130799519723,1.23383274757812,-0.279667845513935,0.567324162215459,-1.79996899578027,1.9474156531737,0.0737658817472128,2.02923760153781,-0.0884291230724119,1.12752064816054,-2.02435445911291,1.42606237127244,-0.0152802526800375,96
1803,-0.852184403288763,-1.31623333335748,0.341302752496815,-1.33335387875884,-0.935795495235203,-0.232184054385069,0.818569128077761,0.0737658817472128,-0.557502599390972,-1.4264059353659,-0.906067128491076,-0.113672945985871,1.36563033787712,-1.80265974863925,73
1804,-0.019145421033632,-0.894573614745363,1.16496509210961,-1.56660549277685,-0.694890113157269,-0.232184054385069,1.02375484704963,0.0737658817472128,-0.0451131028128455,-1.68901156834821,-0.606810646285717,-0.113672945985871,0.941016056536284,-1.58246387923163,84
1819,0.0859558160580885,0.0551379975479366,0.305973144090214,-0.404292776323504,-1.62536206757166,-0.777687307966414,0.0684644244027155,1.79775066167156,-0.028163516411266,-0.451998581184588,-2.10298194899336,-0.812410512437245,0.689313661609299,-0.223442765111542,79
1832,0.565220765216454,0.349431292459563,-0.219878710394398,-0.477813833876792,-0.905516574547118,-0.996747669640813,-0.873712698981813,0.0737658817472128,0.295955098416284,-0.525847320951569,-0.859271689178175,-1.08199775557242,0.287272384470041,0.781061877792048,76
1833,1.04016805615486,1.44799233558353,-0.517689195522582,-0.534167827029234,-0.694890113157269,-0.696076584989678,-0.929169252408183,0.0737658817472128,0.668160643171277,-0.563422262981208,-0.520347198703602,-0.627123779967935,0.458315285103112,0.155358033603435,79
1844,-0.915277215266675,-0.712096948138731,-1.13804186931428,-0.572354590455853,-0.371658706960256,-0.928022850291982,-0.929169252408183,0.0737658817472128,-0.698712867620793,-0.639967260639672,-0.303858985855304,-1.03169288935552,0.689313661609299,0.418117161321327,64
1847,-0.126603530884794,-0.00880261994986132,-0.363331326824445,0.0688135687616997,-0.448225828288368,-0.489902126943185,-0.553497723938215,0.0737658817472128,-0.199203073550892,0.0412110130120469,-0.385752903451053,-0.484687612580279,0.514269894538971,-0.622498543863071,76
1854,-0.702045745971905,-0.311542602791023,0.158169698667744,0.698260700201949,1.78675512286666,-0.150573331408332,-1.27395762386671,-1.10235300384125,-0.562792625334097,0.705254894689989,1.20072678007931,-0.121907060550066,-0.982548424051147,-0.998245820461994,92
1855,-0.590097564250049,-0.465733486049425,0.119475171022279,0.531591543292231,1.00007663639422,-0.150573331408332,-1.23937391077618,-2.16455143248602,-0.489723102202427,0.53733825062255,0.758826105928432,-0.121907060550066,-0.264137087409412,-0.0573702622394181,81
1857,0.317725947008128,0.224114644859329,0.376028406304049,0.573828986590933,0.873937589019101,0.742849320126469,-1.0161137062903,-1.01395241716364,0.0708386940235872,0.57986279983114,0.677047269660277,0.669594582322328,-0.52896923486601,-0.223442765111542,88
1864,-0.522402904778043,-0.734750288076526,0.158169698667744,0.779428935158761,-0.152810539152153,1.52459414021942,-1.27395762386671,-1.28723425674365,-0.7895544944961,0.705254894689989,-0.279611919499903,1.08885877989986,-0.156949182392966,0.242039886628209,71
1865,-0.0496039516747385,-0.333451155550389,-0.00123764138504222,0.387825511001862,-0.0354514871106258,0.970500284219472,-0.957631600364982,-0.457943375932066,-0.515576173816969,0.288757844221854,-0.199826301766091,0.685483510116941,-1.06369429357841,-0.0573702622394181,84
1869,-1.26171853682667,-0.311542602791023,0.341302752496815,0.162584126877082,0.07502631668415,1.41721160998687,-0.553497723938215,0.826592029475723,-1.31523854972777,0.0729711990275048,-0.0830342972798848,1.01857372436253,-1.06369429357841,-0.544540895377218,78
1880,0.45003144701365,0.224114644859329,-0.517689195522582,0.193347292327028,0.467908831417068,-0.382519596710637,0.689853996387653,1.09987386905574,1.75200667970637,0.854386706402468,1.86778057106432,0.751333690277658,-0.65110510717876,-0.505213351914828,92
1881,-0.29237823729787,0.118762329238687,-1.36825790570947,0.314103150688692,-0.0718200694518014,0.377748717335805,0.37173424076596,1.35066772446978,-0.682021751907379,0.212942632705072,-0.231551206093906,0.213621379420692,-0.855815392045929,-0.425862540226944,83
1882,-0.843232456802792,-0.666921171710758,-0.174227322250908,0.503211279661102,1.26923134866207,0.69989630803345,0.549932682213262,1.31027499222421,-1.06892822425312,0.407419216697799,0.714997710676966,0.479012889289166,-0.248250614850676,-1.21235463629218,86
1894,0.0261822096354442,1.15668423189938,-0.743633093056096,0.223874708494558,0.428535177110993,1.08217811566132,-0.364093100006629,-1.69445248640907,0.313923971828108,0.318719742013028,0.645146532676713,1.12752702493084,-1.20843577350858,0.329627040320102,85
1896,-0.514004056790637,1.0385138936474,-0.684747773547258,0.373183441262029,0.0472142452349484,1.24110426040549,-0.159321035230946,0.419373799810309,-0.83615617558499,0.273700111267385,-0.129345635125748,0.878944094098204,-1.30155583618081,-0.58363607462178,83
1916,0.152310625328212,0.370202666822105,0.994568138181562,-0.710289557599107,0.0103311089531228,-0.730438994664093,1.65328444784445,0.0737658817472128,0.839077076818991,-0.60145551506882,0.664317268445597,-0.300127717050808,1.45454029552267,-0.0152802526800375,79
1918,-0.615716217778358,-1.3881117217424,1.11772107253996,-1.08076105056302,-0.0171813308319514,-0.597284657175733,1.42229539373701,0.0737658817472128,0.363372764321015,-1.05725666655158,0.54790025042089,-0.205485629876623,1.60654824028874,-0.0152802526800375,73
1921,2.12470542157089,0.779069992590657,2.33813386161551,-0.553197560836329,0.2541397285735,-2.0791635743849,1.84017054239855,0.0737658817472128,1.70809683087309,-0.397684502378544,0.923548720706374,-2.68870956241328,1.39574711197298,-0.0152802526800375,90
1926,1.60989229236669,-0.577085115548183,2.02717510223569,-1.22818931319264,-0.813244103013846,-1.58090863410588,1.04868682985891,0.0737658817472128,0.966813807012652,-1.29590239891537,-0.668458393746147,-1.97120292187456,1.28142845743747,-0.0152802526800375,87
1938,-0.308461683266579,-0.487921403250353,1.67807827034378,-0.710289557599107,0.360172285897018,-0.558626946292016,0.809025594554451,0.0737658817472128,-0.311202924437356,-0.778857008191105,0.325319162211808,-0.564588812117192,0.670117536992189,-0.425862540226944,84
1979,-1.70423645102683,-1.10340530113802,-0.866786027414495,0.084601392075307,-0.0263235597186641,0.0813729338939719,-1.30930147910272,-0.386184613365502,-1.2196180991448,0.0571222440157324,0.0155172697621628,0.1045243446411,0.236872908829918,1.25479366512186,60
1982,-1.06236585966202,-0.399412745848274,0.509282809911307,0.0688135687616997,-0.170650376095106,-0.245069958012975,-2.38859421250247,-2.29434151778528,-0.795335953646862,0.0412110130120469,-0.113849300512443,-0.218220919275733,0.0693118574219108,1.64965791254649,65
1987,0.806045647934934,0.182075784179278,0.376028406304049,0.517423935760261,-0.0263235597186641,0.184460162917218,-1.66813431257398,-2.04006040447216,0.359882324306557,0.523078981144857,0.0155172697621628,0.198801939847227,-0.548608620816388,1.01515729957563,84
1997,0.484217911471057,-0.0945584325262855,0.723312296281774,0.573828986590933,-0.60598184880643,0.549560765707882,-0.693419038112606,-1.10235300384125,-0.158562782263232,0.480041639053408,-0.758195778793879,0.358010970230114,-0.509602319756988,2.2153965509545,80
2004,0.670984073667171,0.799197730257398,0.305973144090214,0.615678298584011,-0.354483797856153,0.579627874172996,1.511302812211,2.74360120919815,-0.0366219072490572,0.523078981144857,-0.494765893511226,0.382595733002883,-0.363820989826999,-0.465653786959916,92
2011,-0.332685123457901,-0.0516081575017161,-0.804276440610632,0.100324243636235,-0.654698471931602,0.420701729428824,-0.0908817415861277,0.729770986365668,-0.709899431598876,-0.00690509038950939,-0.813013522808634,0.250360129597008,-0.694231253149842,-0.264387427089037,80
2015,-0.915277215266675,0.0763809805694029,-0.129579343009033,0.299201891708428,0.438357532741439,0.927547272126452,0.267951091885131,0.680182792962614,-1.01203173936792,0.212942632705072,0.227044972336418,0.691816136881705,-0.738657005276701,-0.737686186742457,82
2022,-0.103374594252118,0.758913168526995,-0.997889661863703,0.725469722970239,-0.00802480604138385,1.50741293538221,-0.107720436584837,0.729770986365668,0.244754662668285,0.881046574653739,0.297484564234227,1.4205048704222,-0.52896923486601,0.285720447572446,76
2025,-0.472217448359405,0.657687539128494,-0.684747773547258,0.239051960486339,-1.00304457136609,1.36137269426595,0.720485030686389,0.134156106635749,-0.80693619300685,0.135760868100592,-1.24979914322748,0.96116414832649,-0.453079918479879,0.552540389740093,75
2027,0.373901499879192,1.62008051400475,-0.931280373809578,1.07884389333821,0.477787324907263,1.24110426040549,-0.267772055832996,-0.606734187498218,-0.231317200107819,0.999393051725603,0.205670693917422,0.878944094098204,-0.60922141972662,0.920852396457714,80
2031,-0.134371300223807,0.616988414077005,-0.464922559193957,0.752524799249965,-0.813244103013846,1.41721160998687,-0.768226976433398,-0.606734187498218,-0.525992572594689,0.677663482007094,-0.972507489717932,1.01857372436253,-1.33372911435147,1.9549862381273,76
2036,3.43020113294994,0.0338598730032476,0.723312296281774,-1.69979832792999,-2.45360358403409,-2.7535258642453,-0.159321035230946,1.35066772446978,3.08129671875212,-1.08001161520091,-1.68228277991775,-2.6792155119079,2.00800901254848,-0.0152802526800375,84
2066,-1.0997773882325,-1.0101134039267,0.158169698667744,0.037039184774135,0.216006249036399,0.137211849614897,-0.00923574613445399,0.526388523833668,-1.19951928269781,-0.0556141043740127,0.030467350116404,0.0190964560681147,-0.434747187306194,0.285720447572446,78
2073,-0.0956563112820582,-0.00880261994986132,-1.36825790570947,0.657151683005318,-0.267739139753863,0.747144621335771,-0.0908817415861277,1.01147328237812,-0.546955543185041,0.565729723726367,-0.410649225918522,0.516078124455115,-0.548608620816388,-0.544540895377218,80
2087,-0.324597499747165,0.81929652790078,-0.57186310678107,0.937840395178194,0.863515825272377,1.86392293575427,0.408988741181631,0.251463134388797,-0.704300212069177,0.854386706402468,0.468377102445985,1.2827314099734,-0.434747187306194,0.285720447572446,78
2092,-0.300413429225008,0.616988414077005,-0.464922559193957,0.573828986590933,0.842713823358081,1.00486269389389,-0.0413984318289323,-0.316075624547816,-0.68757367082551,0.480041639053408,0.454969296286662,0.710736050261591,-1.17847871950106,-0.505213351914828,88
2125,0.491024234907409,-0.510150257730317,1.38598736087588,-1.12869084854697,-1.23913548129902,-0.133392126571125,-0.159321035230946,0.0737658817472128,1.62167435297914,-0.925024869250601,-0.113849300512443,0.872986142874219,1.77877136084714,-0.0152802526800375,74
2148,-1.38886303548258,-1.60671165191325,0.0800292465566993,-1.3606739951704,0.302124672190462,-0.232184054385069,1.22058710856923,0.0737658817472128,-0.956252885595971,-1.48128287257982,0.304461262137983,-0.113672945985871,0.676566067848292,-2.36440713986153,80
2162,1.37947880485247,0.245083614757974,1.40682242844399,-0.210544754759064,-0.152810539152153,-1.4176871881524,0.57226749512477,2.76890929386739,0.717577600600723,-0.239736224998022,-0.0753672311552069,-1.76030740056547,0.316350266947647,0.688982523135073,89
2191,-0.252397148898054,-0.532420315071263,0.158169698667744,0.711884646787457,1.49071084671188,-0.348157187036221,-1.34543964439628,0.0737658817472128,-0.277978875014985,0.718993879283981,1.04136536183592,-0.330863156177644,-0.381201519237758,1.9549862381273,81
2203,0.49782028734404,-0.18090014069181,-0.931280373809578,1.46938097889777,-0.00802480604138385,0.274661488312559,-0.553497723938215,0.0121555701448908,-0.277978875014985,1.35229905965114,-0.247507829059839,0.065987792739042,-0.471663151145657,0.0695838512563651,83
2218,-0.497247985558953,-0.267841998697442,-0.363331326824445,0.629543946139506,0.517441469192483,0.424997030638126,-0.194664890466956,0.578519822346236,-0.824430393394402,0.53733825062255,0.234144607711243,0.254009949269341,0.104968647820854,-0.505213351914828,79
2221,-1.15638462042226,-0.871605617814734,-0.219878710394398,-0.193484447584668,-0.0171813308319514,0.437882934266032,-0.00923574613445399,0.526388523833668,-1.23985348734833,-0.309054505787467,-0.160518262833031,0.283053408180477,-0.171705503398536,-0.924978192448028,77
2225,0.324785608207606,-0.22429513685974,-1.28858489880675,0.314103150688692,0.131034812047375,1.01774859752179,0.346409612202363,1.35066772446978,-0.263882274928566,0.212942632705072,-0.0600767307059089,0.720152479383709,-0.00560433308448248,-0.58363607462178,80
2232,-0.906217708815851,-0.532420315071263,-0.0431236878016985,0.725469722970239,-0.380224369004584,0.987681489056679,-0.107720436584837,0.473350548727408,-1.11397293476132,0.635987195521219,-0.520347198703602,0.698135733541039,-1.20843577350858,0.112357334008837,80
2267,1.1055873519022,-0.64439815044864,2.11681028740817,-0.44083047581198,0.26370845966173,-1.66681465829191,1.3349877369897,0.0737658817472128,1.25103021805483,-0.291597392675742,0.869386025594851,-1.76734365311103,1.54120181761755,-0.0152802526800375,85
2291,-0.96080826594986,-1.22113247780514,0.994568138181562,-1.10458495678872,-0.851952215849507,-0.704667187408281,0.616027492750251,0.0737658817472128,0.45859181490672,-1.03471742734092,-0.129345635125748,-0.197024679917402,0.85938490808485,-0.0992318316348307,73
2299,1.11148395081792,0.677992035918153,1.14148042268603,0.0529598241797267,-0.0989460645913607,-0.850707428524547,-0.249181320698576,0.0737658817472128,0.533323547224191,0.0252366410450614,-0.0524531862692894,-0.92812471804668,0.407510765137841,-0.0152802526800375,88
2317,0.893803718519506,0.998906946327086,0.476779696019453,0.20864007463275,0.557319648711143,-1.05258658536174,-1.53941918088387,0.0737658817472128,0.408178414910542,0.182238749289787,0.468377102445985,-1.20268265621979,-0.930631000812484,0.967893900892673,90
2318,0.83759367391536,0.616988414077005,-0.129579343009033,-0.422507089919991,0.26370845966173,-0.988157067222209,-0.90120192698225,0.0737658817472128,0.377271427990828,-0.488711922505078,0.248306457204575,-1.11030507939148,-0.398812898313783,0.418117161321327,87
2353,0.611803010526147,1.23493260890419,-0.00123764138504222,0.14711211958973,-0.548476617577202,0.162983656870709,0.227238014035566,0.308466788467975,-0.0750930958507938,0.0412110130120469,-0.695170372469172,0.0230315275773701,-0.831654166398034,1.15827626882074,87
2403,-3.03416709750439,-1.46047634832135,-2.03558148784697,-0.572354590455853,0.140419321449346,0.991976790265981,0.433354066084482,1.39053243200614,-2.15036814524897,-0.639967260639672,0.148111971690263,0.858040503197722,0.0693118574219108,0.285720447572446,55
2411,1.14084187540384,0.53522523144479,-1.21191914823417,0.503211279661102,-0.276478764005958,-0.644532970478054,-0.159321035230946,0.0121555701448908,0.29956205735578,0.422035345695782,-0.394034596053858,-0.802104050105192,-0.313019234755638,0.967893900892673,84
2415,0.0486855362608393,-0.246049468209201,-1.06675731733221,0.445899913738717,-0.774163794288306,0.296137994359068,-0.344361801182422,0.0737658817472128,-0.403787207451558,0.36328761744356,-0.92493855424558,0.161437453559481,-0.471663151145657,-0.385839948467668,80
2424,0.130296024313837,0.919361451613933,-0.464922559193957,1.24080604736813,-0.276478764005958,1.034929802359,0.171299132867482,0.966293097500321,-0.393872379979221,1.16595303316584,-0.41898230444784,0.732662976896699,-0.65110510717876,-0.140864648785476,83
2441,-0.719486169340456,-0.465733486049425,-0.464922559193957,0.115983049752977,-0.548476617577202,-0.403996102757146,-2.07226818900074,0.193373631375081,-0.931813388378459,0.0252366410450614,-0.668458393746147,-0.526729190749728,-0.630011394906475,0.688982523135073,72
2464,0.253697968224559,0.979062224762084,-0.627521418017934,1.41010458789345,-0.38877549449593,1.50741293538221,0.689853996387653,0.364424444697616,-0.311202924437356,1.34005766851507,-0.528910521869142,1.05813132776762,-1.57654308073929,1.64965791254649,84
2465,0.0186574144104277,1.33215866028207,-0.517689195522582,1.3139817653035,0.07502631668415,1.71358739342871,-0.57598872942707,-3.0418686082284,-0.469231995505582,1.24120608406649,-0.106123426558002,1.19001518353292,-1.23892452785794,0.462700115157525,81
2472,-0.0039884067360356,-0.421479415717533,0.119475171022279,-1.8508033121673,-2.48938667041078,-1.50359321233844,-0.159321035230946,0.0737658817472128,2.44764989442915,-1.65757391366283,-3.77480817015631,0.279437959978601,1.92608181222177,-1.92305739476832,91
2481,1.23340707649154,-0.399412745848274,1.40682242844399,-0.630620402408914,1.24738362245561,-1.25446574219893,1.84017054239855,0.0737658817472128,1.33466686686673,-0.507225800199963,1.55826873219787,-1.00959694590341,1.49163254556315,-0.0152802526800375,91
2487,-9.3888118611345,-4.37662028951882,0.780538651811097,-1.53534829980496,-2.14901844430753,1.56325185110314,-0.159321035230946,0.0737658817472128,3.10213503471224,0.920786220717909,4.84083115935334,7.84279885575555,1.89872952928114,-0.0152802526800375,13
2500,-1.83115261640067,-1.77997112887896,-1.53763941283806,0.0529598241797267,-0.197302171096645,0.502312452405561,-0.57598872942707,1.0559938789111,-1.42832707061415,0.00919824234153726,-0.191933954418358,0.43462390362158,-0.471663151145657,-0.0992318316348307,67
2501,-0.906217708815851,-1.10340530113802,-1.53763941283806,0.503211279661102,1.89135918613254,0.145802452033501,-0.4455323082557,1.01147328237812,-1.11397293476132,0.407419216697799,1.04716671925678,0.00726090040880839,-0.0857506001805306,0.329627040320102,78
2520,-0.590097564250049,0.494158604469955,-0.57186310678107,0.162584126877082,-0.448225828288368,1.00056739268459,1.05691232441136,0.778565734544932,-0.889554157453336,0.0571222440157324,-0.589368878645837,0.707590814049364,-0.78444310310717,-1.35031689686213,84
2521,-0.348899955599339,0.637353050391367,-0.627521418017934,0.460297917074265,0.26370845966173,0.502312452405561,1.30010392486334,0.419373799810309,-0.721133631672494,0.36328761744356,0.0453621620252803,0.318975722860609,-0.142369250421021,-0.182268399034858,82
2525,-0.244439694606578,1.97714377313671,-0.743633093056096,1.12919605592212,-0.797656593237479,1.46445992328919,-0.487852663279371,-0.180515231565903,-0.648955661125466,1.05117462573395,-0.982089044846404,1.02992798089028,-0.630011394906475,0.0695838512563651,75
