"INDEX","PREDICTED_TARGET"
3,3
9,4
10,3
18,3
21,0
30,6
31,3
37,0
39,0
47,0
60,3
62,0
63,3
64,0
68,2
75,3
76,3
83,0
87,4
92,5
98,2
106,0
107,0
113,3
120,4
123,6
125,3
126,6
128,5
129,3
131,4
135,0
141,4
147,3
148,2
151,4
156,4
157,3
174,3
186,0
193,3
195,0
212,0
213,0
217,4
223,4
226,3
228,5
230,4
241,3
243,4
249,0
281,4
288,0
294,2
295,2
300,6
302,5
303,0
308,2
319,5
320,0
324,3
331,3
343,3
347,3
348,4
350,5
357,2
358,4
360,4
366,4
367,3
368,5
376,2
380,3
388,2
396,5
398,5
403,4
410,3
412,0
420,3
434,3
440,3
450,4
453,3
464,5
465,5
466,5
473,3
476,0
478,0
479,3
493,3
497,3
503,4
504,4
505,2
507,0
513,3
519,3
521,4
522,4
545,3
549,0
551,0
556,7
557,6
559,2
560,3
566,4
569,5
573,3
578,0
579,5
582,5
596,4
598,2
599,2
602,3
605,3
617,3
619,5
630,4
634,4
643,3
645,2
647,5
649,4
656,4
657,5
658,3
667,3
692,3
693,4
698,0
699,4
700,7
704,3
707,4
708,5
709,3
713,2
714,3
716,3
718,4
722,4
729,7
731,3
733,3
746,3
747,3
748,2
753,2
757,2
763,3
767,6
774,3
776,0
788,0
794,4
799,0
803,4
806,4
807,4
811,4
816,6
818,4
819,2
831,5
835,5
837,2
841,0
846,2
856,6
861,5
862,0
863,3
865,4
871,3
879,0
880,3
881,4
885,4
887,3
892,0
898,4
900,2
904,0
906,5
910,4
912,4
913,2
919,5
924,2
925,3
930,3
940,2
941,4
946,0
949,5
951,2
962,4
966,3
967,5
971,0
981,3
982,3
983,0
984,0
989,2
990,5
992,3
995,5
996,2
998,2
1001,4
1007,0
1008,3
1016,3
1022,3
1027,5
1032,0
1033,4
1041,5
1065,3
1074,0
1075,0
1081,2
1094,4
1099,3
1105,3
1123,0
1135,0
1142,3
1155,3
1169,3
1176,4
1178,4
1180,4
1184,0
1185,2
1193,0
1196,3
1199,2
1203,2
1205,3
1207,3
1208,0
1212,2
1213,0
1222,2
1223,0
1226,4
1227,7
1229,2
1230,4
1231,3
1241,2
1243,4
1244,6
1246,4
1248,3
1249,4
1252,3
1261,4
1275,3
1281,0
1285,4
1288,0
1290,4
1291,0
1304,5
1305,3
1323,5
1342,0
1348,2
1353,4
1363,3
1371,4
1372,3
1378,0
1381,4
1382,4
1393,5
1394,5
1398,6
1404,4
1405,4
1419,0
1421,2
1426,2
1431,0
1435,3
1437,0
1438,0
1442,2
1464,2
1471,4
1473,5
1476,3
1478,2
1479,4
1487,5
1492,5
1496,3
1497,0
1515,3
1519,0
1522,3
1526,4
1537,3
1538,4
1540,2
1543,4
1548,2
1549,0
1556,3
1564,0
1570,3
1577,3
1585,4
1590,5
1592,2
1594,2
1596,7
1598,5
1603,0
1607,2
1612,6
1627,5
1629,4
1630,3
1640,6
1641,4
1646,4
1662,0
1668,0
1671,0
1672,4
1673,6
1686,4
1688,4
1696,3
1701,5
1707,4
1708,4
1713,4
1715,3
1717,3
1721,3
1724,3
1725,3
1730,4
1731,4
1734,5
1740,4
1748,3
1749,4
1750,6
1763,3
1768,4
1773,2
1777,0
1778,0
1780,3
1782,0
1784,5
1786,4
1787,5
1792,0
1800,3
1801,3
1803,3
1804,3
1807,3
1818,7
1821,4
1822,4
1828,3
1833,4
1844,4
1847,3
1850,3
1854,4
1858,5
1864,4
1867,3
1876,3
1880,0
1881,2
1891,3
1894,3
1895,5
1901,0
1905,5
1912,7
1918,3
1921,4
1923,3
1924,0
1931,3
1941,4
1950,2
1951,4
1954,5
1961,4
1966,4
1979,4
1982,0
1987,3
1997,3
2004,4
2011,5
2015,4
2025,7
2033,0
2034,5
2035,0
2036,2
2053,3
2059,3
2060,3
2073,3
2084,3
2089,3
2092,2
2109,5
2129,4
2134,6
2135,5
2148,4
2149,0
2150,3
2165,3
2166,3
2168,4
2170,2
2171,3
2172,4
2176,5
2182,3
2189,2
2191,5
2197,3
2202,0
2203,3
2204,2
2206,5
2218,3
2219,4
2221,0
2226,0
2228,3
2232,4
2236,0
2241,3
2245,5
2251,3
2255,5
2256,4
2259,0
2263,4
2264,4
2267,0
2273,2
2277,5
2287,3
2289,3
2291,2
2296,2
2299,2
2306,3
2314,0
2317,3
2318,4
2321,4
2324,5
2340,3
2343,2
2349,2
2352,5
2353,2
2365,3
2370,0
2378,3
2390,2
2399,0
2402,0
2403,0
2404,0
2414,5
2422,4
2424,0
2430,4
2435,3
2439,0
2442,5
2445,4
2449,0
2451,0
2461,4
2464,4
2465,4
2472,3
2476,3
2482,3
2487,5
2498,5
2501,4
2504,3
2511,0
2518,5
2521,5
2530,3
2543,5
2545,4
2561,3
2566,4
2572,3
2577,4
2578,0
2580,4
2581,4
2582,5
2584,3
2590,4
2598,3
2602,0
2605,5
2616,4
2618,4
2619,2
2624,5
2632,0
2640,4
2646,4
2651,0
2660,0
2661,4
2668,2
2670,0
2680,4
2681,3
2689,0
2694,6
2695,0
2696,3
2702,3
2704,4
2708,5
2709,4
2714,4
2716,4
2723,0
2725,3
2738,0
2750,4
2756,0
2758,4
2766,3
2767,0
2771,2
2775,4
2776,3
2779,0
2780,3
2781,0
2782,4
2783,4
2796,4
2798,5
2800,4
2803,7
2806,5
2813,3
2818,3
2821,5
2825,4
2829,2
2830,3
2833,4
2839,3
2843,5
2846,5
2847,4
2848,6
2856,4
2863,0
2867,5
2869,4
2873,4
2874,4
2875,3
2880,3
2886,3
2887,4
2888,3
2889,3
2890,0
2892,2
2901,4
2902,3
2905,2
2917,3
2922,3
2924,5
2930,0
2931,5
2946,2
2955,4
2962,3
2964,0
2965,0
2967,6
2970,6
2973,7
2974,2
2976,0
2977,0
2978,0
2986,4
2988,5
2989,0
2995,4
3005,5
3011,5
3013,3
3019,4
3021,2
3022,5
3029,2
3037,4
3042,3
3043,4
3049,4
3050,6
3053,2
3058,0
3062,0
3063,4
3065,0
3080,3
3088,0
3093,3
3096,5
3101,6
3103,2
3107,7
3109,4
3111,5
3113,5
3116,5
3132,3
3141,5
3153,0
3154,0
3160,0
3167,0
3170,3
3173,3
3174,4
3177,5
3179,4
3184,2
3190,3
3193,4
3199,4
3201,0
3202,3
3203,4
3206,3
3209,3
3210,3
3217,4
3220,4
3228,3
3232,3
3239,0
3243,4
3245,3
3246,4
3251,5
3253,5
3257,4
3260,0
3261,4
3263,5
3278,4
3281,3
3283,5
3290,2
3297,4
3304,3
3305,3
3307,6
3308,4
3313,4
3314,3
3317,0
3348,0
3350,2
3359,4
3367,4
3376,3
3378,3
3384,0
3386,3
3387,4
3388,3
3390,5
3391,0
3396,2
3398,4
3404,5
3406,0
3407,4
3414,5
3419,3
3423,3
3427,3
3432,0
3434,3
3438,0
3442,0
3443,0
3448,0
3456,3
3464,6
3470,0
3475,4
3477,4
3490,3
3493,4
3502,3
3508,4
3516,3
3517,5
3525,3
3532,3
3535,4
3536,5
3540,3
3547,3
3550,3
3557,3
3562,2
3563,3
3564,2
3570,4
3573,4
3577,4
3579,3
3581,2
3587,4
3602,3
3609,4
3612,4
3621,4
3642,0
3647,0
3649,3
3654,3
3660,5
3665,5
3669,4
3673,4
3675,0
3678,4
3680,4
3686,6
3693,5
3710,3
3713,4
3718,5
3725,3
3726,4
3747,3
3753,0
3754,5
3760,5
3763,3
3765,4
3769,5
3771,4
3784,4
3787,5
3794,0
3796,4
3798,5
3809,4
3812,5
3819,2
3828,4
3831,5
3833,4
3837,5
3839,2
3843,0
3846,4
3854,5
3861,0
3864,4
3868,3
3869,5
3870,3
3883,3
3886,3
3889,4
3894,2
3907,3
3910,4
3913,0
3914,3
3921,6
3923,0
3929,2
3931,2
3932,5
3937,0
3943,4
3956,5
3957,3
3961,6
3971,4
4004,2
4005,4
4006,4
4011,3
4013,5
4014,7
4016,2
4017,5
4020,3
4022,4
4026,0
4032,2
4043,3
4045,4
4048,5
4051,5
4052,4
4056,3
4059,3
4069,5
4074,4
4076,3
4077,2
4079,3
4081,4
4088,0
4105,4
4125,4
4134,3
4139,3
4146,3
4149,4
4151,0
4155,3
4157,4
4168,5
4170,3
4174,3
4179,5
4185,4
4199,2
4205,0
4208,4
4211,2
4212,2
4215,3
4217,3
4219,0
4226,4
4227,3
4229,2
4231,3
4233,2
4237,3
4243,5
4248,4
4255,5
4262,3
4266,2
4268,0
4270,3
4273,0
4276,5
4277,4
4279,3
4299,4
4313,0
4322,4
4324,0
4328,3
4331,3
4335,2
4337,4
4338,2
4343,2
4347,2
4355,4
4357,3
4359,6
4362,2
4368,3
4374,5
4375,5
4378,4
4381,0
4387,5
4400,2
4423,4
4424,3
4428,4
4433,7
4436,3
4437,0
4439,6
4449,4
4456,4
4463,5
4467,3
4468,0
4469,3
4472,4
4473,4
4476,3
4500,3
4509,4
4513,2
4521,0
4527,3
4530,2
4532,4
4533,3
4535,3
4536,4
4542,4
4551,3
4554,4
4555,2
4564,0
4572,3
4573,7
4577,2
4579,5
4583,3
4584,6
4596,3
4599,4
4607,4
4609,2
4610,0
4616,2
4617,3
4633,4
4638,4
4641,3
4653,7
4655,4
4659,0
4669,2
4678,0
4685,5
4686,3
4691,2
4695,5
4698,4
4700,5
4711,3
4722,4
4727,3
4756,6
4762,0
4763,3
4766,4
4770,0
4784,3
4791,4
4795,5
4799,2
4802,4
4805,4
4814,5
4816,0
4817,4
4822,3
4827,3
4833,4
4836,0
4842,3
4844,3
4845,3
4849,4
4850,0
4860,4
4863,3
4871,4
4878,4
4881,3
4888,5
4900,7
4906,4
4909,0
4916,5
4918,5
4926,3
4928,2
4941,3
4946,4
4949,0
4956,3
4966,4
4969,3
4973,4
4978,5
4982,3
4985,5
4991,4
4998,4
5000,3
5004,4
5005,3
5011,5
5016,0
5018,3
5034,4
5038,0
5042,7
5046,3
5051,0
5054,0
5057,4
5062,4
5063,5
5065,3
5066,2
5076,3
5089,3
5092,2
5093,4
5094,4
5098,4
5102,3
5112,5
5117,3
5127,3
5130,3
5131,2
5132,4
5135,0
5136,3
5147,5
5157,4
5160,3
5165,2
5166,0
5172,3
5173,3
5179,0
5184,5
5187,2
5191,3
5193,2
5194,0
5199,3
5212,0
5213,3
5224,4
5226,4
5239,5
5252,5
5264,0
5266,2
5271,5
5273,4
5276,2
5278,4
5281,2
5283,4
5291,0
5294,6
5296,4
5297,0
5313,4
5314,3
5321,3
5325,3
5326,0
5328,3
5334,3
5338,5
5344,2
5348,2
5352,0
5353,4
5354,0
5361,2
5364,4
5365,4
5367,2
5379,4
5382,3
5386,5
5395,4
5410,5
5411,4
5416,5
5424,5
5426,3
5428,0
5430,5
5433,0
5437,3
5440,4
5442,5
5445,3
5449,4
5452,4
5460,3
5461,3
5465,2
5467,4
5471,5
5474,0
5475,3
5480,3
5481,4
5484,0
5494,6
5495,2
5497,0
5499,3
5507,0
5510,4
5515,0
5516,2
5517,2
5524,4
5530,7
5534,3
5543,0
5545,3
5558,4
5562,0
5573,7
5581,4
5583,5
5587,3
5589,2
5591,5
5596,3
5606,4
5608,5
5611,3
5612,5
5614,4
5620,4
5623,5
5624,5
5626,6
5633,2
5635,3
5640,5
5643,3
5644,6
5653,5
5663,4
5664,5
5667,3
5671,0
5673,4
5676,2
5678,3
5698,3
5700,6
5705,4
5706,6
5711,0
5712,5
5716,3
5719,4
5725,2
5728,7
5734,2
5735,4
5743,3
5754,3
5755,3
5756,5
5766,3
5770,4
5774,0
5775,3
5776,4
5778,6
5786,3
5787,4
5791,5
5794,3
5803,3
5804,4
5808,0
5810,4
5813,4
5828,3
5839,6
5842,4
5843,3
5844,4
5847,3
5851,3
5854,3
5857,0
5866,2
5874,0
5886,3
5895,3
5897,3
5898,3
5900,0
5902,0
5908,0
5909,3
5912,6
5913,0
5917,5
5918,3
5921,3
5931,2
5942,4
5943,3
5950,4
5954,0
5983,3
5995,3
6002,3
6005,4
6009,7
6011,3
6012,5
6019,2
6021,4
6029,5
6036,4
6037,3
6038,2
6043,3
6045,4
6047,3
6048,3
6061,4
6063,4
6064,5
6068,4
6069,0
6070,4
6071,5
6074,4
6079,4
6082,3
6088,4
6094,3
6095,0
6098,3
6102,4
6105,0
6113,5
6116,3
6120,0
6121,3
6126,2
6144,4
6145,5
6153,3
6156,4
6159,4
6162,0
6184,3
6188,3
6189,3
6191,2
6211,0
6216,4
6218,2
6222,0
6235,3
6245,2
6248,4
6253,3
6256,0
6257,4
6259,2
6266,5
6268,4
6275,2
6280,4
6283,3
6288,5
6289,3
6301,6
6308,4
6314,4
6315,2
6316,4
6317,3
6318,3
6323,3
6329,3
6336,2
6341,5
6348,3
6349,5
6365,0
6372,4
6376,3
6378,0
6379,5
6382,2
6383,3
6389,5
6390,2
6392,4
6394,0
6402,0
6404,6
6405,3
6406,0
6409,4
6410,5
6411,4
6421,4
6428,7
6429,3
6432,4
6436,2
6437,4
6438,0
6445,3
6447,4
6450,5
6462,5
6467,4
6478,4
6484,5
6492,5
6497,7
6504,3
6505,3
6513,3
6525,5
6526,5
6528,3
6540,0
6542,0
6544,5
6548,4
6552,3
6558,4
6567,2
6569,4
6572,6
6577,6
6581,3
6588,3
6591,0
6594,3
6600,6
6602,4
6604,3
6605,4
6614,3
6616,2
6621,0
6640,4
6641,3
6643,3
6644,3
6649,2
6650,4
6655,6
6661,2
6672,5
6677,3
6688,3
6689,5
6691,3
6692,5
6694,3
6702,3
6714,0
6716,5
6724,4
6725,2
6730,4
6735,3
6738,3
6739,3
6743,4
6747,3
6750,7
6751,3
6753,4
6754,4
6755,2
6762,4
6764,4
6772,0
6774,2
6787,2
6789,3
6793,4
6798,0
6799,0
6800,4
6802,3
6808,2
6809,4
6812,5
6814,3
6816,3
6822,0
6829,4
6834,3
6836,4
6839,3
6840,3
6843,0
6846,2
6848,2
6852,3
6856,6
6860,5
6866,4
6870,4
6878,0
6880,5
6885,6
6897,4
6902,3
6904,4
6907,4
6909,0
6914,2
6915,6
6922,2
6924,3
6933,4
6934,5
6941,4
6957,3
6960,4
6969,0
6975,3
6980,2
6983,2
6987,2
6994,4
6997,5
7002,4
7010,3
7015,4
7019,3
7022,5
7025,3
7029,5
7031,3
7037,3
7038,4
7043,2
7049,4
7052,4
7053,4
7056,3
7057,4
7080,0
7086,3
7087,3
7105,4
7108,2
7121,2
7122,3
7125,0
7132,4
7134,4
7151,3
7152,3
7157,3
7159,0
7166,0
7167,0
7177,3
7179,2
7181,0
7183,6
7186,4
7193,6
7205,3
7207,0
7209,4
7216,0
7232,3
7235,3
7238,3
7240,3
7243,2
7252,3
7269,3
7275,4
7281,3
7283,2
7287,7
7289,6
7291,4
7294,0
7304,5
7308,5
7313,3
7319,0
7325,2
7326,3
7330,5
7332,5
7337,2
7341,0
7346,3
7353,2
7354,4
7361,0
7366,0
7368,5
7372,4
7375,3
7377,7
7380,0
7382,4
7385,3
7392,3
7395,5
7397,3
7403,3
7406,3
7409,0
7410,4
7412,5
7419,3
7425,3
7435,7
7438,4
7440,4
7447,3
7449,2
7456,4
7464,4
7478,3
7480,3
7481,5
7483,4
7484,2
7491,4
7494,3
7501,3
7503,4
7509,3
7517,0
7518,6
7519,2
7521,5
7522,3
7536,4
7539,2
7547,6
7549,3
7552,3
7554,2
7556,4
7564,4
7566,0
7570,4
7571,4
7572,4
7575,3
7586,4
7589,5
7590,3
7597,4
7602,5
7604,4
7605,3
7612,3
7615,4
7617,3
7624,4
7632,4
7639,4
7642,4
7643,4
7649,4
7650,3
7653,4
7654,4
7657,5
7662,2
7669,4
7671,3
7675,0
7678,4
7682,4
7688,3
7689,3
7690,5
7692,3
7699,0
7705,3
7712,3
7726,5
7728,2
7735,4
7737,3
7739,4
7743,0
7744,6
7746,3
7749,2
7750,4
7752,4
7755,5
7756,4
7762,4
7764,0
7769,3
7770,3
7776,5
7778,5
7784,3
7786,3
7789,3
7793,5
7794,3
7804,3
7811,5
7813,3
7815,4
7817,0
7818,4
7821,6
7825,3
7830,5
7832,4
7835,0
7839,7
7842,5
7849,4
7856,3
7857,3
7863,5
7866,4
7871,3
7875,3
7882,3
7887,3
7888,3
7891,2
7895,5
7901,4
7906,3
7908,0
7917,2
7924,3
7948,4
7950,6
7955,3
7957,0
7959,3
7967,5
7969,3
7971,5
7974,3
7976,3
7986,6
7987,2
7993,4
7996,4
7998,4
8018,3
8019,3
8027,2
8036,0
8040,5
8044,5
8050,3
8052,0
8054,0
8057,4
8058,4
8059,3
8066,3
8070,7
8072,7
8078,3
8079,3
8080,4
8081,4
8088,0
8091,3
8094,3
8095,3
8099,4
8101,5
8102,5
8116,4
8125,4
8134,0
8139,0
8141,5
8147,3
8158,6
8160,3
8165,3
8187,3
8205,0
8209,4
8211,4
8232,4
8236,5
8237,5
8238,6
8245,4
8256,3
8268,3
8269,3
8270,5
8286,3
8289,4
8301,3
8305,2
8310,3
8312,2
8318,5
8321,4
8328,0
8331,5
8334,3
8344,4
8345,2
8352,4
8358,4
8359,2
8360,3
8365,3
8366,3
8369,5
8373,6
8378,4
8392,3
8397,3
8399,2
8400,4
8405,3
8406,5
8410,0
8413,4
8414,2
8416,5
8426,3
8434,5
8439,0
8440,2
8475,4
8480,5
8497,3
8499,0
8500,4
8501,3
8502,3
8518,6
8520,4
8523,5
8525,2
8532,3
8535,3
8543,0
8554,0
8560,5
8561,4
8563,2
8566,0
8570,4
8572,3
8582,2
8583,2
8587,0
8592,2
8593,0
8607,2
8609,5
8610,4
8614,4
8616,5
8622,4
8623,4
8624,2
8633,6
8641,7
8644,6
8649,5
8653,3
8657,7
8658,3
8663,4
8672,2
8680,2
8684,3
8687,0
8688,4
8690,4
8712,0
8717,4
8730,5
8739,4
8744,5
8747,5
8748,4
8751,3
8758,4
8761,2
8763,0
8764,4
8765,7
8773,5
8780,3
8781,3
8782,4
8785,0
8786,4
8797,2
8799,4
8807,2
8816,4
8817,3
8826,5
8833,3
8834,3
8835,3
8840,5
8843,4
8849,3
8855,4
8861,3
8862,4
8865,3
8868,5
8870,5
8880,5
8885,0
8894,0
8895,4
8899,4
8912,0
8922,3
8924,3
8928,4
8932,0
8943,6
8945,6
8946,5
8954,3
8958,4
8960,2
8965,3
8966,5
8967,3
8969,3
8980,4
8984,4
8985,3
8988,3
8989,5
8995,0
9004,4
9010,3
9012,0
9018,4
9036,2
9037,2
9040,0
9041,6
9044,6
9045,3
9047,3
9049,0
9061,0
9062,3
9076,4
9079,3
9081,4
9082,5
9089,2
9092,3
9094,0
9115,0
9117,4
9118,3
9120,2
9124,3
9128,2
9135,0
9136,3
9138,4
9157,4
9176,0
9183,0
9187,3
9188,2
9190,4
9197,4
9200,3
9201,0
9203,0
9212,4
9213,3
9214,4
9217,4
9219,4
9220,5
9221,6
9237,0
9240,5
9241,2
9248,3
9253,7
9259,5
9267,0
9271,3
9273,2
9285,6
9290,4
9291,3
9293,0
9294,4
9301,3
9302,4
9312,3
9316,4
9319,0
9328,5
9331,4
9338,2
9350,3
9356,4
9359,2
9362,4
9364,3
9370,4
9380,2
9386,5
9394,0
9407,4
9411,3
9422,4
9423,0
9429,0
9433,2
9439,0
9451,4
9452,4
9453,2
9460,5
9465,6
9470,4
9476,4
9485,4
9486,2
9488,3
9507,6
9508,2
9517,7
9521,6
9528,3
9532,3
9536,3
9540,5
9542,5
9546,4
9548,4
9549,6
9554,5
9555,5
9558,2
9573,0
9575,5
9584,3
9586,4
9588,6
9591,0
9592,4
9597,7
9600,4
9603,4
9605,3
9614,0
9616,5
9622,4
9624,4
9629,0
9633,4
9640,4
9644,2
9645,0
9646,3
9648,3
9649,2
9660,4
9664,4
9675,0
9679,3
9680,3
9682,0
9697,3
9701,3
9704,3
9705,0
9707,4
9714,0
9718,3
9722,5
9739,3
9747,6
9751,3
9757,2
9759,3
9760,4
9764,3
9776,0
9778,3
9786,2
9803,4
9804,5
9815,5
9824,2
9825,0
9826,3
9827,4
9833,4
9835,2
9860,4
9865,4
9871,3
9874,2
9880,4
9882,2
9885,3
9888,5
9892,2
9893,5
9896,2
9902,4
9906,4
9910,5
9914,0
9918,0
9920,3
9926,5
9931,7
9935,4
9945,5
9953,0
9957,3
9963,5
9972,5
9976,4
9979,3
9980,0
9982,0
9991,4
10000,6
10003,4
10005,3
10014,3
10032,4
10034,3
10041,3
10042,4
10044,5
10045,2
10054,4
10061,6
10062,0
10073,4
10081,0
10084,0
10086,0
10093,2
10101,5
10105,4
10110,4
10113,3
10115,3
10119,4
10121,3
10124,0
10126,5
10127,4
10145,3
10147,2
10148,3
10162,2
10163,3
10166,2
10172,4
10173,3
10175,2
10180,3
10186,0
10192,3
10199,3
10209,0
10210,8
10214,3
10215,0
10216,0
10232,4
10239,5
10249,5
10253,5
10255,0
10262,3
10264,2
10266,0
10268,0
10271,3
10272,5
10276,0
10277,3
10279,3
10281,2
10285,3
10294,2
10300,3
10304,3
10307,4
10309,5
10310,0
10312,0
10321,3
10332,0
10336,4
10368,3
10369,6
10375,2
10376,2
10379,3
10380,3
10383,2
10385,5
10387,4
10397,3
10412,4
10413,0
10418,3
10420,3
10426,4
10427,3
10428,3
10430,0
10435,0
10436,2
10446,6
10448,3
10449,5
10463,3
10469,3
10470,4
10471,4
10473,5
10476,3
10482,3
10500,3
10511,5
10512,4
10514,4
10515,4
10526,0
10546,3
10549,4
10553,3
10558,3
10575,0
10581,3
10583,4
10584,2
10585,0
10610,0
10611,2
10616,5
10618,3
10628,2
10632,2
10642,4
10648,4
10649,4
10650,3
10654,2
10656,5
10661,5
10663,0
10672,3
10678,5
10685,4
10690,5
10702,4
10706,4
10708,3
10716,3
10717,5
10720,5
10729,0
10730,5
10745,0
10753,3
10754,3
10762,3
10766,2
10776,2
10783,3
10789,3
10790,6
10797,0
10807,3
10810,0
10817,4
10820,3
10822,3
10828,5
10829,3
10830,3
10831,6
10841,6
10847,3
10856,2
10860,0
10861,5
10863,3
10875,3
10884,4
10895,3
10897,3
10898,3
10903,0
10908,0
10924,3
10926,2
10927,3
10928,3
10933,0
10939,6
10942,4
10945,3
10949,4
10950,3
10958,6
10963,4
10967,3
10971,0
10972,0
10974,4
10976,5
10980,3
10991,0
10995,4
11014,5
11017,5
11019,5
11022,0
11030,4
11031,3
11041,0
11042,4
11044,4
11047,5
11048,3
11049,4
11052,3
11058,0
11069,3
11070,3
11073,5
11074,3
11078,0
11079,0
11085,0
11088,4
11106,0
11110,6
11114,4
11118,3
11129,5
11130,4
11131,3
11133,3
11138,3
11143,4
11146,4
11153,4
11162,5
11170,7
11171,0
11201,3
11216,5
11219,3
11222,5
11234,0
11238,4
11244,3
11246,2
11248,0
11250,0
11256,5
11259,2
11263,0
11264,3
11270,2
11274,0
11281,3
11285,0
11300,2
11305,3
11317,3
11319,3
11330,0
11334,5
11335,5
11336,3
11356,4
11358,3
11360,0
11364,0
11373,6
11379,3
11382,4
11383,0
11385,4
11387,3
11391,3
11397,3
11404,2
11405,0
11409,4
11419,3
11430,4
11434,6
11436,3
11440,4
11443,3
11449,2
11452,4
11453,2
11456,4
11457,0
11459,5
11471,0
11476,3
11479,2
11481,4
11485,4
11486,3
11487,3
11488,2
11498,0
11506,3
11511,5
11515,2
11518,2
11521,2
11523,3
11524,0
11525,4
11528,2
11530,3
11531,3
11533,3
11535,4
11537,4
11538,2
11541,2
11548,4
11552,3
11558,0
11560,0
11566,0
11572,0
11573,4
11582,4
11586,3
11590,4
11591,3
11601,4
11611,3
11617,2
11619,4
11624,4
11626,6
11644,3
11652,2
11656,3
11658,2
11659,5
11663,3
11665,4
11683,4
11685,2
11691,3
11694,3
11698,0
11700,4
11703,3
11705,3
11710,3
11711,3
11714,3
11731,5
11732,0
11742,3
11744,4
11745,3
11749,0
11756,4
11761,2
11762,4
11766,4
11767,8
11769,3
11770,4
11771,4
11777,3
11778,5
11779,0
11788,0
11790,5
11794,4
11801,4
11807,0
11812,4
11817,0
11818,3
11825,0
11828,4
11833,4
11837,5
11838,0
11842,0
11853,4
11857,4
11858,3
11860,5
11867,4
11868,5
11871,4
11875,5
11881,7
11890,0
11892,4
11894,3
11896,5
11903,4
11905,3
11907,3
11909,7
11911,3
11915,2
11918,3
11920,5
11923,4
11924,3
11926,2
11931,4
11933,4
11940,5
11951,4
11953,3
11973,0
11984,3
11985,2
11991,3
12002,3
12006,3
12008,4
12013,2
12015,3
12016,4
12023,0
12029,0
12036,0
12038,4
12041,0
12049,5
12050,0
12054,4
12060,3
12062,5
12065,3
12079,2
12083,6
12090,5
12091,5
12094,4
12099,4
12101,4
12110,3
12116,7
12122,3
12127,6
12133,4
12142,0
12147,4
12156,3
12157,5
12158,5
12161,4
12163,4
12166,3
12170,0
12174,5
12183,0
12188,0
12189,4
12192,3
12201,3
12204,2
12207,2
12208,2
12209,4
12210,7
12217,3
12227,0
12231,3
12232,4
12239,5
12240,3
12251,3
12256,5
12261,0
12263,2
12266,2
12267,3
12268,4
12279,5
12280,4
12283,3
12284,0
12285,6
12286,5
12292,5
12295,0
12301,4
12314,3
12315,0
12318,0
12332,5
12334,0
12337,4
12338,5
12349,4
12350,3
12359,6
12360,5
12373,5
12374,2
12380,4
12382,3
12383,3
12390,5
12398,5
12405,4
12407,3
12410,6
12418,7
12421,5
12422,4
12439,0
12444,4
12463,5
12465,2
12470,4
12471,4
12480,4
12482,4
12484,3
12487,4
12491,3
12503,4
12507,0
12526,3
12533,3
12540,0
12543,3
12552,0
12555,7
12556,4
12570,4
12579,3
12588,3
12600,0
12615,6
12624,4
12629,3
12634,2
12638,0
12646,4
12650,0
12665,3
12674,3
12676,0
12678,3
12685,4
12690,3
12698,4
12702,5
12704,3
12705,3
12710,3
12715,5
12720,3
12734,3
12744,4
12747,0
12757,6
12758,2
12766,2
12782,3
12787,0
12799,3
12804,5
12809,3
12813,3
12816,3
12821,4
12826,2
12831,4
12832,5
12833,3
12835,4
12842,2
12844,4
12847,2
12852,3
12856,4
12857,3
12858,6
12861,3
12869,4
12876,5
12877,0
12879,4
12882,4
12883,4
12887,3
12889,4
12891,5
12894,3
12895,0
12899,0
12905,7
12913,0
12916,0
12917,3
12925,3
12934,5
12939,5
12943,0
12950,5
12961,2
12963,3
12973,0
12979,4
12980,2
12981,2
12982,4
12992,4
12994,0
12999,3
13002,4
13004,0
13010,4
13013,3
13015,5
13019,6
13030,2
13031,5
13036,4
13037,5
13042,0
13054,3
13060,0
13072,3
13073,3
13079,5
13081,2
13086,3
13087,4
13090,0
13098,3
13100,3
13105,0
13106,3
13107,4
13113,7
13115,4
13117,3
13118,3
13121,2
13137,2
13146,0
13150,5
13151,4
13152,4
13156,3
13165,6
13169,4
13178,4
13180,4
13183,4
13184,0
13188,3
13191,4
13196,3
13203,4
13206,3
13211,5
13219,0
13223,7
13226,4
13228,3
13230,5
13240,5
13249,5
13250,2
13256,4
13261,0
13263,3
13268,5
13275,0
13277,5
13283,4
13284,0
13285,3
13286,4
13287,2
13290,3
13291,0
13294,5
13295,3
13303,3
13306,2
13311,5
13322,0
13331,0
13337,5
13344,0
13362,5
13364,3
13366,0
13368,3
13370,2
13377,5
13378,2
13388,0
13392,5
13398,5
13403,5
13404,5
13409,4
13416,0
13422,0
13427,4
13433,5
13438,3
13441,5
13449,5
13450,4
13453,3
13460,4
13461,5
13465,4
13468,0
13481,4
13485,3
13487,5
13490,4
13493,3
13497,3
13508,0
13516,0
13525,3
13533,4
13535,0
13538,4
13545,4
13566,3
13581,3
13584,3
13588,3
13596,3
13600,6
13604,4
13608,4
13611,3
13612,0
13615,4
13616,4
13618,4
13625,2
13628,3
13629,0
13630,5
13633,4
13637,4
13640,2
13641,3
13651,5
13674,4
13684,4
13690,2
13707,4
13709,5
13710,3
13713,6
13724,0
13725,0
13731,2
13736,2
13740,0
13745,7
13748,3
13751,0
13758,3
13762,0
13764,4
13765,0
13769,3
13770,3
13774,5
13787,3
13791,3
13802,3
13807,3
13808,2
13809,0
13810,4
13822,4
13823,3
13825,4
13826,0
13833,4
13837,3
13842,3
13846,3
13852,4
13853,2
13858,2
13860,0
13866,0
13886,0
13887,0
13890,5
13891,3
13893,3
13902,7
13903,0
13908,4
13912,2
13924,0
13928,3
13929,4
13938,5
13939,3
13941,5
13951,3
13962,2
13964,3
13967,3
13971,3
13972,4
13975,0
13977,3
13979,4
13983,2
13984,3
13987,0
13994,4
13999,3
14003,6
14008,5
14011,5
14012,3
14016,3
14017,3
14020,0
14027,0
14038,4
14040,5
14042,3
14055,0
14057,5
14060,0
14081,2
14091,4
14111,3
14117,5
14121,4
14122,5
14125,0
14129,0
14135,2
14148,0
14157,4
14161,0
14163,0
14172,3
14180,0
14182,5
14188,0
14191,3
14201,7
14202,4
14213,4
14220,0
14224,3
14231,2
14241,5
14243,4
14245,3
14247,2
14248,3
14252,3
14254,4
14260,3
14269,5
14272,0
14274,4
14279,4
14280,5
14290,3
14298,7
14308,4
14313,4
14316,4
14319,5
14322,0
14323,3
14325,6
14337,4
14339,4
14341,3
14342,5
14346,6
14351,4
14354,0
14355,0
14358,7
14359,2
14364,4
14374,2
14376,2
14382,3
14384,3
14393,0
14398,3
14403,4
14406,0
14408,4
14411,0
14414,4
14418,3
14423,4
14442,4
14443,4
14444,3
14446,3
14455,3
14456,4
14458,4
14464,4
14466,5
14467,3
14469,3
14483,0
14484,3
14490,3
14491,2
14494,3
14496,4
14503,2
14504,3
14505,3
14506,0
14507,0
14512,2
14520,5
14527,3
14531,5
14532,0
14535,3
14543,0
14554,4
14556,7
14557,4
14561,3
14562,3
14567,2
14568,2
14574,3
14575,3
14579,3
14581,4
14582,2
14586,0
14591,3
14598,3
14599,3
14600,2
14612,5
14613,2
14624,5
14626,3
14630,4
14633,4
14639,3
14642,3
14643,5
14649,4
14650,0
14653,3
14655,3
14656,3
14662,4
14663,0
14673,3
14674,3
14676,4
14682,0
14685,5
14689,3
14693,3
14697,3
14700,3
14704,0
14710,3
14719,3
14724,4
14728,4
14735,3
14736,3
14741,0
14744,3
14753,0
14756,4
14762,5
14765,5
14783,5
14784,3
14786,0
14790,2
14793,3
14796,6
14801,0
14807,3
14812,4
14815,5
14831,4
14833,6
14836,6
14856,4
14859,3
14861,4
14863,2
14865,0
14880,0
14881,4
14883,2
14884,5
14894,4
14896,4
14899,3
14900,3
14901,0
14906,4
14907,0
14915,5
14919,3
14926,6
14927,3
14933,3
14937,3
14939,3
14940,0
14943,2
14953,4
14954,3
14969,4
14999,8
15008,4
15009,4
15018,5
15023,4
15025,0
15034,4
15036,4
15051,0
15052,3
15064,3
15070,4
15074,5
15077,5
15081,4
15086,6
15093,2
15094,0
15103,3
15104,2
15110,0
15112,2
15115,6
15131,0
15139,3
15141,4
15148,2
15154,6
15156,3
15161,3
15167,3
15178,4
15205,4
15207,0
15222,4
15223,4
15225,4
15228,5
15239,3
15241,0
15246,0
15247,2
15249,3
15255,3
15257,0
15267,0
15277,3
15280,5
15289,4
15297,0
15302,0
15304,2
15312,2
15321,2
15325,0
15326,5
15333,5
15337,0
15338,5
15340,6
15342,2
15344,3
15347,0
15349,5
15355,4
15359,0
15366,2
15367,2
15368,2
15369,5
15380,4
15381,3
15387,0
15388,3
15389,0
15392,0
15400,3
15405,4
15407,4
15408,7
15411,3
15413,4
15418,5
15419,5
15421,3
15425,3
15436,4
15438,4
15440,4
15443,4
15460,3
15464,2
15465,3
15473,0
15475,2
15483,0
15494,5
15495,7
15498,3
15499,3
15500,0
15501,2
15510,2
15512,3
15516,3
15518,5
15519,4
15524,3
15527,0
15529,0
15530,0
15538,0
15539,3
15541,0
15546,2
15547,3
15548,0
15552,2
15556,5
15567,3
15572,3
15573,4
15574,4
15577,2
15579,4
15581,3
15589,2
15596,3
15598,5
15599,4
15605,7
15606,4
15608,4
15616,5
15618,0
15621,0
15626,0
15638,3
15639,2
15642,2
15644,3
15646,5
15649,4
15656,2
15659,0
15680,3
15686,4
15693,0
15697,5
15699,5
15701,5
15705,0
15714,3
15722,4
15728,4
15734,3
15752,2
15756,4
15760,4
15762,4
15767,4
15768,0
15773,5
15774,4
15781,4
15782,3
15784,7
15791,4
15796,5
15798,5
15806,2
15814,0
15819,4
15825,4
15826,5
15831,4
15835,6
15836,2
15839,5
15845,3
15858,0
15859,4
15876,5
15878,4
15880,0
15886,4
15888,4
15891,4
15900,2
15902,4
15904,3
15908,3
15910,2
15917,4
15919,5
15924,3
15927,3
15937,0
15946,3
15949,3
15957,5
15961,4
15964,3
15965,3
15966,0
15978,0
15983,0
15987,2
15988,3
15998,3
16004,4
16008,3
16011,0
16023,3
16024,3
16025,3
16048,6
16050,5
16051,0
16057,0
16059,5
16060,4
16075,4
16094,7
16096,5
16116,2
16118,0
16121,2
16122,4
16124,5
16125,4
16126,3
16130,4
